building_id,dataset,building_type,cvrmse,ncrps,mean_actual,n_windows
Bear_assembly_Angel,BDG-2,commercial,0.16887350380420685,0.08654366193153552,471.112548828125,358
Bear_assembly_Beatrice,BDG-2,commercial,0.3187555968761444,0.30513443390867373,42.997337341308594,724
Bear_assembly_Danial,BDG-2,commercial,0.103987917304039,0.061343124186630335,160.9054718017578,358
Bear_assembly_Diana,BDG-2,commercial,0.2612973749637604,0.1243608113753441,0.8576714992523193,358
Bear_assembly_Genia,BDG-2,commercial,0.18105149269104004,0.07397131355921917,263.78485107421875,724
Bear_assembly_Harry,BDG-2,commercial,0.3126462399959564,0.13598276962162598,17.490022659301758,358
Bear_assembly_Jose,BDG-2,commercial,0.08558541536331177,0.04489702629833443,258.0722961425781,724
Bear_assembly_Roxy,BDG-2,commercial,0.6905730366706848,0.21294517170928165,17.174854278564453,724
Bear_assembly_Ruby,BDG-2,commercial,0.08785533159971237,0.04633424504977334,69.42937469482422,724
Bear_education_Alfredo,BDG-2,commercial,0.3438986837863922,0.16789975781897845,0.18151021003723145,724
Bear_education_Alvaro,BDG-2,commercial,0.05328332260251045,0.028797868679891387,419.90618896484375,724
Bear_education_Arnold,BDG-2,commercial,0.6559162735939026,0.18824487835280473,0.5585450530052185,724
Bear_education_Augusta,BDG-2,commercial,0.16506576538085938,0.05934220631439735,115.35005187988281,724
Bear_education_Austin,BDG-2,commercial,0.19326704740524292,0.07346918003026433,21.09601593017578,724
Bear_education_Babara,BDG-2,commercial,0.06421749293804169,0.03173713383860253,374.6244201660156,724
Bear_education_Benita,BDG-2,commercial,0.04577963799238205,0.02337214035285799,521.9969482421875,724
Bear_education_Benjamin,BDG-2,commercial,0.5224209427833557,0.32202233362334337,1.0812993049621582,358
Bear_education_Bob,BDG-2,commercial,0.12541058659553528,0.05545855323431985,128.70396423339844,724
Bear_education_Bonita,BDG-2,commercial,0.39455845952033997,0.13695478186246887,0.19151639938354492,724
Bear_education_Bulah,BDG-2,commercial,0.058775003999471664,0.0318800583180459,1334.9390869140625,724
Bear_education_Carlo,BDG-2,commercial,0.2925710082054138,0.1294650420159217,3.9573185443878174,358
Bear_education_Chad,BDG-2,commercial,0.06841754913330078,0.034243074811487736,1003.3438110351562,724
Bear_education_Chana,BDG-2,commercial,0.12090130150318146,0.0571855687184091,21.418487548828125,724
Bear_education_Chun,BDG-2,commercial,0.11165475845336914,0.047961584797420125,101.34170532226562,724
Bear_education_Clint,BDG-2,commercial,0.07122240960597992,0.03745583188793177,56.812355041503906,724
Bear_education_Curtis,BDG-2,commercial,0.06548827886581421,0.033042222533106146,69.04737854003906,724
Bear_education_Danna,BDG-2,commercial,0.17060376703739166,0.09223529453857052,103.26567840576172,724
Bear_education_Darrell,BDG-2,commercial,0.2650589644908905,0.1233509281802605,39.171817779541016,724
Bear_education_Deena,BDG-2,commercial,0.21138732135295868,6072.591987504246,8.570497512817383,724
Bear_education_Derek,BDG-2,commercial,0.3584579825401306,1.845418005877927,184.26449584960938,724
Bear_education_Destiny,BDG-2,commercial,0.15073631703853607,0.08321204210381418,112.75083923339844,358
Bear_education_Elise,BDG-2,commercial,0.20428766310214996,0.12647703660287157,145.56179809570312,724
Bear_education_Fannie,BDG-2,commercial,0.0957140326499939,0.043964700977546255,436.4979248046875,724
Bear_education_Gavin,BDG-2,commercial,0.04378250613808632,0.024232406897034688,90.07970428466797,724
Bear_education_Herb,BDG-2,commercial,0.14129137992858887,0.0633485130839574,12.927230834960938,724
Bear_education_Herman,BDG-2,commercial,0.30386993288993835,0.14940963664057852,0.28519225120544434,724
Bear_education_Holly,BDG-2,commercial,0.3060911297798157,0.14276321403942757,1.2442388534545898,724
Bear_education_Irene,BDG-2,commercial,0.3991777300834656,0.1362071103731324,88.96099090576172,724
Bear_education_Iris,BDG-2,commercial,0.17135997116565704,0.08542166446649095,45.50921630859375,724
Bear_education_Katy,BDG-2,commercial,0.12558266520500183,0.05783150514370056,124.68226623535156,724
Bear_education_Lashanda,BDG-2,commercial,0.13331462442874908,0.06533652251946609,74.12351989746094,724
Bear_education_Laurette,BDG-2,commercial,0.04813734069466591,0.02213338716736051,50.94800567626953,724
Bear_education_Leonel,BDG-2,commercial,0.19700603187084198,0.0893330401837421,119.0407485961914,724
Bear_education_Lewis,BDG-2,commercial,0.1309371143579483,0.05826842584549877,23.52004623413086,724
Bear_education_Lidia,BDG-2,commercial,0.18216858804225922,0.08560259332939836,12.814214706420898,724
Bear_education_Lila,BDG-2,commercial,0.03712177276611328,0.018952058900687074,214.55177307128906,724
Bear_education_Liliana,BDG-2,commercial,0.04888860508799553,0.023441620856777957,467.4184265136719,358
Bear_education_Lorie,BDG-2,commercial,0.05795692279934883,0.028578567227917736,401.4089050292969,724
Bear_education_Mara,BDG-2,commercial,0.03580661863088608,0.01786370959762056,509.414306640625,724
Bear_education_Marie,BDG-2,commercial,0.18180546164512634,0.07198776324919531,23.761865615844727,724
Bear_education_Marsha,BDG-2,commercial,0.08588235825300217,0.03697553213125762,88.053466796875,724
Bear_education_Marta,BDG-2,commercial,0.23634029924869537,0.14262168876653053,42.01963806152344,724
Bear_education_Maryjane,BDG-2,commercial,0.12176544964313507,0.061230710998377985,330.8198547363281,724
Bear_education_Merrill,BDG-2,commercial,0.19363068044185638,0.08459691227882936,22.139755249023438,358
Bear_education_Millie,BDG-2,commercial,0.11435486376285553,0.05299761009182859,3.435049057006836,724
Bear_education_Nanette,BDG-2,commercial,0.1538841426372528,0.07394433150439272,113.58598327636719,358
Bear_education_Oscar,BDG-2,commercial,0.13741181790828705,0.07193445645643896,11.717808723449707,724
Bear_education_Owen,BDG-2,commercial,0.10702187567949295,0.04454323263141405,149.95550537109375,724
Bear_education_Paola,BDG-2,commercial,0.12768451869487762,0.056630932524502575,149.52281188964844,724
Bear_education_Patricia,BDG-2,commercial,0.043819133192300797,0.023064574953235883,633.5635375976562,724
Bear_education_Pattie,BDG-2,commercial,0.06955168396234512,0.036951662899450746,173.43174743652344,724
Bear_education_Rebecca,BDG-2,commercial,0.03952988237142563,0.021065933601139935,782.1344604492188,724
Bear_education_Sandy,BDG-2,commercial,0.12400441616773605,0.06497110741773847,6.7059502601623535,724
Bear_education_Santos,BDG-2,commercial,0.6357277035713196,0.21062568229710765,8.594891548156738,724
Bear_education_Sharon,BDG-2,commercial,0.04151369258761406,0.021237422048663888,112.30779266357422,724
Bear_education_Shelley,BDG-2,commercial,0.11400972306728363,0.04693566570914763,162.6243438720703,724
Bear_education_Tara,BDG-2,commercial,0.2001897543668747,0.11475633381569234,3.3994569778442383,724
Bear_education_Thuy,BDG-2,commercial,0.13783568143844604,0.06140786186699499,230.93226623535156,724
Bear_education_Val,BDG-2,commercial,0.03717761114239693,0.018626176529679003,374.4510803222656,724
Bear_education_Wade,BDG-2,commercial,0.3208675682544708,3.092967986952158,54.03581619262695,724
Bear_education_Wilton,BDG-2,commercial,0.0599549263715744,0.031069826932901348,1566.081298828125,724
Bear_education_Wm,BDG-2,commercial,0.08692730963230133,0.03905090250464745,50.364662170410156,724
Bear_education_Yuri,BDG-2,commercial,0.22938096523284912,0.10115246697526804,17.985139846801758,724
Bear_education_Yvette,BDG-2,commercial,0.2201797068119049,0.11522510604853983,10.993610382080078,724
Bear_education_Zandra,BDG-2,commercial,0.04120379686355591,0.017641304959409316,981.1461791992188,724
Bear_lodging_Dannie,BDG-2,commercial,0.21698831021785736,0.10006015482784869,8.687925338745117,724
Bear_lodging_Erick,BDG-2,commercial,0.14887352287769318,0.09021133026792014,48.47105026245117,724
Bear_lodging_Esperanza,BDG-2,commercial,0.1410033404827118,0.06777541673590486,28.975744247436523,358
Bear_lodging_Evan,BDG-2,commercial,0.07746173441410065,0.037319944387159326,175.89663696289062,724
Bear_parking_Bridget,BDG-2,commercial,0.2332518845796585,0.1244035181955905,16.70379066467285,358
Bear_parking_Bruce,BDG-2,commercial,0.053730085492134094,0.026626383852564703,42.136009216308594,724
Bear_parking_Gordon,BDG-2,commercial,0.010323022492229939,0.0049295545887044455,27.762632369995117,724
Bear_public_Arlean,BDG-2,commercial,0.19890207052230835,0.08927409881954887,163.82028198242188,358
Bear_public_Jocelyn,BDG-2,commercial,0.07634237408638,0.03445066544240625,48.61516571044922,724
Bear_public_Lowell,BDG-2,commercial,0.05618917942047119,0.0269502585083865,205.64857482910156,724
Bear_public_Orville,BDG-2,commercial,0.19581682980060577,0.07998006097729007,37.39374923706055,724
Bear_public_Rayna,BDG-2,commercial,0.22572068870067596,0.1142726320977081,111.285888671875,724
Bear_public_Valorie,BDG-2,commercial,0.1892455816268921,0.1150858856281307,195.00941467285156,724
Bear_science_Alison,BDG-2,commercial,0.03304557129740715,0.017794611624923958,103.69105529785156,724
Bear_science_Eleanor,BDG-2,commercial,0.177411749958992,0.07221531625217481,36.418190002441406,724
Bear_utility_Sidney,BDG-2,commercial,0.03073796071112156,0.014920900213156054,52.22810363769531,724
Fox_assembly_Adrianne,BDG-2,commercial,0.3190182149410248,0.1339162258621088,233.17098999023438,724
Fox_assembly_Audrey,BDG-2,commercial,0.19345061480998993,0.08316263819413122,13.034918785095215,724
Fox_assembly_Boyce,BDG-2,commercial,0.22932705283164978,118057.1917702141,345.1589660644531,724
Fox_assembly_Bradley,BDG-2,commercial,0.3751881718635559,162006.80022349663,158.31744384765625,724
Fox_assembly_Carlos,BDG-2,commercial,0.1944512277841568,0.07757649345221095,112.60238647460938,724
Fox_assembly_Cathy,BDG-2,commercial,0.10841105878353119,0.0689783522767643,57.38496398925781,724
Fox_assembly_Cecelia,BDG-2,commercial,0.1589207798242569,0.09814641607244574,16.844627380371094,724
Fox_assembly_Christie,BDG-2,commercial,0.34076711535453796,0.19828401441708152,20.873809814453125,724
Fox_assembly_Cindy,BDG-2,commercial,0.1255684792995453,0.07546704348565778,49.44367599487305,724
Fox_assembly_Dixie,BDG-2,commercial,0.4411641061306,0.24725049068601415,73.30764770507812,724
Fox_assembly_Emma,BDG-2,commercial,0.11985346674919128,0.07472487463116685,171.0279083251953,724
Fox_assembly_Gary,BDG-2,commercial,0.07961434870958328,0.04190057370852124,91.8834457397461,724
Fox_assembly_Jerrod,BDG-2,commercial,2.135871171951294,0.2676026559143785,2.55743145942688,724
Fox_assembly_Johnnie,BDG-2,commercial,0.15277215838432312,1.398038535222399,336.3548278808594,724
Fox_assembly_Kathie,BDG-2,commercial,0.41230902075767517,0.12836917570126524,12.488632202148438,724
Fox_assembly_Lakeisha,BDG-2,commercial,0.30795642733573914,0.21525333070611288,17.721385955810547,724
Fox_assembly_Leeanne,BDG-2,commercial,0.18888041377067566,0.11028509755229284,18.27269744873047,724
Fox_assembly_Renna,BDG-2,commercial,0.035544589161872864,0.017792382086137797,376.2487487792969,724
Fox_assembly_Sheldon,BDG-2,commercial,0.08915090560913086,0.050363547120718985,99.42620849609375,724
Fox_assembly_Terrell,BDG-2,commercial,0.24018867313861847,0.08498549557844039,49.31959915161133,724
Fox_assembly_Tony,BDG-2,commercial,0.12071698904037476,0.07396159689662034,81.9618911743164,724
Fox_education_Andre,BDG-2,commercial,0.045651134103536606,0.02439591299742431,454.4604187011719,724
Fox_education_Ashli,BDG-2,commercial,0.1305433213710785,0.08327440409854486,28.927305221557617,724
Fox_education_Burton,BDG-2,commercial,0.16921153664588928,0.09089705681724235,47.81435775756836,724
Fox_education_Carleen,BDG-2,commercial,0.1280560940504074,0.07043539713823731,105.99575805664062,724
Fox_education_Charles,BDG-2,commercial,0.190751850605011,0.08507952147122265,15.87548542022705,724
Fox_education_Claire,BDG-2,commercial,0.1452050805091858,0.07718591848751544,60.797725677490234,724
Fox_education_Claude,BDG-2,commercial,0.0257894154638052,0.009861765205567783,972.3887939453125,724
Fox_education_Cynthia,BDG-2,commercial,0.10328555107116699,0.052997176958059174,210.125732421875,724
Fox_education_Delma,BDG-2,commercial,0.29702118039131165,0.16528176176672313,92.18516540527344,724
Fox_education_Dewayne,BDG-2,commercial,0.16152670979499817,0.07666316476566314,77.63977813720703,724
Fox_education_Dominique,BDG-2,commercial,0.041567955166101456,0.019802456444851898,184.53228759765625,724
Fox_education_Eddy,BDG-2,commercial,0.13537102937698364,0.07337989977676548,296.053466796875,724
Fox_education_Eldon,BDG-2,commercial,0.030544551089406013,0.015265292704501015,195.51516723632812,724
Fox_education_Elizabeth,BDG-2,commercial,0.09164547920227051,0.05196881047692891,490.2447204589844,359
Fox_education_Elois,BDG-2,commercial,0.21699872612953186,0.1307614276717742,11.247440338134766,724
Fox_education_Elvira,BDG-2,commercial,0.11221417039632797,0.05507094945874256,189.07412719726562,724
Fox_education_Etta,BDG-2,commercial,0.1082300990819931,0.06529657419607145,198.88381958007812,724
Fox_education_Gayla,BDG-2,commercial,0.15173470973968506,47519.95277649804,61.40353012084961,359
Fox_education_Geoffrey,BDG-2,commercial,0.061868734657764435,0.0308150804641566,120.09919738769531,724
Fox_education_Gloria,BDG-2,commercial,0.03918306156992912,0.01791078614257801,660.745849609375,724
Fox_education_Henrietta,BDG-2,commercial,0.34084969758987427,0.15897841357628087,29.603437423706055,724
Fox_education_Heriberto,BDG-2,commercial,0.14476071298122406,0.0850580681346732,37.12322235107422,724
Fox_education_Jaclyn,BDG-2,commercial,0.08071521669626236,0.039688007353373495,193.17005920410156,724
Fox_education_Janina,BDG-2,commercial,0.1344304233789444,0.16554501550006054,126.23018646240234,724
Fox_education_John,BDG-2,commercial,0.1588635891675949,0.09243226283560067,56.48793029785156,724
Fox_education_Kendrick,BDG-2,commercial,0.363614946603775,0.21051823563286567,12.424067497253418,724
Fox_education_Kim,BDG-2,commercial,0.13343028724193573,0.07624327284782986,57.649269104003906,724
Fox_education_Kris,BDG-2,commercial,0.14742188155651093,0.07630223023846455,107.38774108886719,724
Fox_education_Leona,BDG-2,commercial,0.07760154455900192,0.03880932385690851,271.6045837402344,724
Fox_education_Leota,BDG-2,commercial,0.08363039791584015,0.04298898080347324,216.10960388183594,724
Fox_education_Lesley,BDG-2,commercial,0.31893062591552734,0.1431437665235816,13.360383987426758,724
Fox_education_Lilly,BDG-2,commercial,0.09539172798395157,0.04559681541983001,186.85853576660156,724
Fox_education_Long,BDG-2,commercial,0.1525750756263733,0.08385884548740564,147.21868896484375,724
Fox_education_Louie,BDG-2,commercial,0.11562742292881012,0.06582835393987094,77.73657989501953,724
Fox_education_Marcelina,BDG-2,commercial,0.4542643427848816,0.16949119184235367,4.102186679840088,724
Fox_education_Maris,BDG-2,commercial,0.08497323840856552,0.04289222522244181,22.496057510375977,358
Fox_education_Marlana,BDG-2,commercial,0.05939720943570137,0.031772594557039194,177.9633331298828,724
Fox_education_Maureen,BDG-2,commercial,0.05259321257472038,0.024736318981385803,292.60113525390625,358
Fox_education_Melinda,BDG-2,commercial,0.06317947804927826,0.03498475019099465,407.6933288574219,724
Fox_education_Melvin,BDG-2,commercial,0.19421645998954773,0.09103152321358438,60.593994140625,724
Fox_education_Miguelina,BDG-2,commercial,0.17139534652233124,0.0786053250458545,94.29198455810547,724
Fox_education_Nilda,BDG-2,commercial,0.1049094870686531,0.05328437281411491,136.16014099121094,724
Fox_education_Ollie,BDG-2,commercial,0.10274186730384827,0.05826139209543701,108.09957122802734,724
Fox_education_Otilia,BDG-2,commercial,0.028210332617163658,0.012235775194365698,932.643310546875,724
Fox_education_Ray,BDG-2,commercial,0.11030475795269012,0.06782458081784501,47.45331573486328,724
Fox_education_Rosie,BDG-2,commercial,0.07166790217161179,0.03695938751266135,128.6846160888672,724
Fox_education_Rudolph,BDG-2,commercial,0.1895604431629181,0.18105977214280647,23.482921600341797,724
Fox_education_Shaun,BDG-2,commercial,0.23227950930595398,0.07667804513993505,85.60722351074219,358
Fox_education_Shawanda,BDG-2,commercial,0.25590699911117554,0.10329445497001793,11.494514465332031,724
Fox_education_Shirley,BDG-2,commercial,0.18084299564361572,0.0693736047964873,100.7679214477539,724
Fox_education_Stacia,BDG-2,commercial,0.0807914137840271,0.059107776767981304,76.29375457763672,724
Fox_education_Sterling,BDG-2,commercial,0.228512704372406,0.13123790118856815,22.414520263671875,724
Fox_education_Suzan,BDG-2,commercial,0.18191973865032196,0.6838321883053041,41.07485580444336,724
Fox_education_Tamika,BDG-2,commercial,0.11591508984565735,0.06835208578089974,151.286865234375,724
Fox_education_Theodore,BDG-2,commercial,0.032924916595220566,0.012798548049908027,270.6750793457031,724
Fox_education_Tonya,BDG-2,commercial,0.055693961679935455,0.02860421658500301,169.96371459960938,724
Fox_education_Virgil,BDG-2,commercial,0.0503605492413044,0.026538196827826998,89.70765686035156,724
Fox_education_Virginia,BDG-2,commercial,0.3949524760246277,0.15377313121160208,10.180530548095703,724
Fox_education_Wendell,BDG-2,commercial,0.02678528055548668,0.011838879391014917,532.6546020507812,724
Fox_education_Willis,BDG-2,commercial,0.03200683742761612,0.014657560616389223,2438.189208984375,724
Fox_education_Yolande,BDG-2,commercial,0.032663743942976,0.015147680002937492,522.8427734375,724
Fox_food_Francesco,BDG-2,commercial,0.2047785222530365,0.10659469213591306,60.91118621826172,724
Fox_food_Scott,BDG-2,commercial,0.14502793550491333,0.07362626181709422,73.78440856933594,724
Fox_health_Lorena,BDG-2,commercial,0.13211926817893982,0.06225126487588042,41.82889938354492,724
Fox_lodging_Alana,BDG-2,commercial,0.07594132423400879,0.03965487194818896,202.29129028320312,724
Fox_lodging_Angla,BDG-2,commercial,0.157463937997818,0.0762437605193054,118.28468322753906,724
Fox_lodging_Frances,BDG-2,commercial,0.08931931108236313,0.05328555165907762,99.14989471435547,724
Fox_lodging_Helen,BDG-2,commercial,0.09045342355966568,0.05001211383205315,354.5838317871094,724
Fox_lodging_Isabell,BDG-2,commercial,0.07703026384115219,0.03773983985505436,27.750091552734375,724
Fox_lodging_Jina,BDG-2,commercial,0.06521709263324738,0.03351223526924722,142.2105712890625,724
Fox_lodging_Morris,BDG-2,commercial,0.07592181861400604,0.040544839056984174,23.415210723876953,724
Fox_lodging_Stephan,BDG-2,commercial,0.08256173133850098,0.04479920814181473,30.518186569213867,724
Fox_lodging_Stephen,BDG-2,commercial,0.0836850255727768,0.04233534902911584,82.42683410644531,724
Fox_lodging_Wallace,BDG-2,commercial,0.07873466610908508,0.041178192593446204,351.77685546875,724
Fox_lodging_Warren,BDG-2,commercial,0.09264547377824783,0.04728503319300747,36.33224105834961,724
Fox_lodging_Winifred,BDG-2,commercial,0.05790099874138832,0.03223261510811779,84.25468444824219,724
Fox_office_Alice,BDG-2,commercial,0.038452018052339554,0.018589979767965493,361.15521240234375,724
Fox_office_Bernard,BDG-2,commercial,0.06734810769557953,0.03371943716940108,132.3863067626953,724
Fox_office_Berniece,BDG-2,commercial,0.16603773832321167,0.08016122334329848,27.77755355834961,724
Fox_office_Brandy,BDG-2,commercial,0.16818867623806,0.08583661733366466,32.27283477783203,724
Fox_office_Carson,BDG-2,commercial,0.13260479271411896,0.07185886582809199,51.69484329223633,724
Fox_office_Clayton,BDG-2,commercial,0.13839887082576752,0.07782809799829873,88.07302856445312,724
Fox_office_Demetrius,BDG-2,commercial,0.19537723064422607,0.1186997113210718,122.14005279541016,724
Fox_office_Easter,BDG-2,commercial,0.15050718188285828,0.05281929673388083,23.00874137878418,724
Fox_office_Edythe,BDG-2,commercial,0.09317582845687866,0.04661251343624896,113.39572143554688,724
Fox_office_Essie,BDG-2,commercial,0.31685635447502136,0.15125262334656336,34.31967544555664,724
Fox_office_Gaylord,BDG-2,commercial,0.13446839153766632,0.06758025458992992,161.8257598876953,724
Fox_office_Israel,BDG-2,commercial,0.10932853817939758,0.06273738196656986,121.31118774414062,724
Fox_office_Joy,BDG-2,commercial,0.05993176996707916,0.03302296120858511,182.33192443847656,724
Fox_office_Juana,BDG-2,commercial,0.21357454359531403,0.06446849455577787,19.262239456176758,724
Fox_office_Karima,BDG-2,commercial,0.24463215470314026,0.12731646267915683,71.0368881225586,724
Fox_office_Margarita,BDG-2,commercial,0.11013030260801315,0.06678240593409009,19.077835083007812,724
Fox_office_Molly,BDG-2,commercial,0.2926246225833893,0.1319766119269292,7.2185211181640625,724
Fox_office_Rowena,BDG-2,commercial,0.1482551246881485,0.08623346563268094,36.9677734375,724
Fox_office_Sheila,BDG-2,commercial,0.2115759402513504,0.1396377719680381,9.338695526123047,724
Fox_office_Susanne,BDG-2,commercial,0.20089684426784515,0.11225743758114766,17.685935974121094,724
Fox_office_Thelma,BDG-2,commercial,0.12470748275518417,0.0605530744474783,124.39925384521484,724
Fox_office_Vicki,BDG-2,commercial,0.07293716073036194,0.04048723542473909,147.1340789794922,724
Fox_office_Yong,BDG-2,commercial,0.12214046716690063,0.06896029377017822,134.82569885253906,724
Fox_office_Zachary,BDG-2,commercial,0.15583814680576324,0.09456167853629967,167.30682373046875,724
Fox_parking_Felipa,BDG-2,commercial,0.07190044224262238,0.03703474255881137,61.672393798828125,724
Fox_parking_Lynelle,BDG-2,commercial,0.08558612316846848,0.05395032296934552,13.049692153930664,724
Fox_parking_Tommie,BDG-2,commercial,0.03616632893681526,0.014238226408363764,87.27236938476562,724
Fox_public_Bart,BDG-2,commercial,0.2143016904592514,0.15077629084113403,132.3944549560547,724
Fox_public_Belle,BDG-2,commercial,0.16654619574546814,0.07580056667161353,121.25173950195312,724
Fox_public_Denny,BDG-2,commercial,0.07272283732891083,0.04031109625164988,142.76449584960938,724
Fox_public_Lauren,BDG-2,commercial,0.08511634916067123,0.04711853664329523,122.36006927490234,724
Fox_public_Martin,BDG-2,commercial,0.05901576578617096,0.030458434363346183,183.96237182617188,724
Fox_public_Rhonda,BDG-2,commercial,0.19114089012145996,0.11483268046780083,107.5779037475586,724
Fox_religion_Maurice,BDG-2,commercial,0.489067941904068,0.8193279875069895,1.757924199104309,724
Fox_retail_Manie,BDG-2,commercial,0.2274569272994995,0.11999856756883545,64.5872573852539,724
Fox_utility_Marian,BDG-2,commercial,0.375519335269928,0.1850803046868293,469.9882507324219,724
Fox_warehouse_Lorretta,BDG-2,commercial,4.013526439666748,5842.054101124295,17.834747314453125,724
Fox_warehouse_Pearl,BDG-2,commercial,0.2627827525138855,0.13598751069542234,33.09778594970703,724
Panther_assembly_Carrol,BDG-2,commercial,0.4449358284473419,0.19760363603543118,26.496278762817383,358
Panther_assembly_David,BDG-2,commercial,0.7032151222229004,0.13933505334832572,67.07813262939453,358
Panther_assembly_Denice,BDG-2,commercial,0.13269108533859253,0.07909331737610152,476.23052978515625,358
Panther_assembly_Gwyneth,BDG-2,commercial,0.14695411920547485,0.053243014650873395,239.4616241455078,358
Panther_assembly_Pamella,BDG-2,commercial,0.40723589062690735,1.1317936513565534,104.3846664428711,358
Panther_education_Alecia,BDG-2,commercial,0.09448033571243286,0.04391306534938203,208.20082092285156,358
Panther_education_Annetta,BDG-2,commercial,0.1397211104631424,0.06868385465249714,107.3808364868164,358
Panther_education_Aurora,BDG-2,commercial,0.15205946564674377,0.09721585298502862,124.8594741821289,358
Panther_education_Cleopatra,BDG-2,commercial,0.19233232736587524,0.11051907266809709,27.570484161376953,358
Panther_education_Diann,BDG-2,commercial,0.24664677679538727,0.15425917993170946,75.52730560302734,358
Panther_education_Edna,BDG-2,commercial,0.10756675899028778,0.05534047383847988,134.0336456298828,358
Panther_education_Emily,BDG-2,commercial,0.15836119651794434,0.06820843019189454,133.2176513671875,358
Panther_education_Enriqueta,BDG-2,commercial,0.16094034910202026,0.07204311557114217,98.65711212158203,358
Panther_education_Genevieve,BDG-2,commercial,0.07282552123069763,421247.744432497,257.1851806640625,358
Panther_education_Gina,BDG-2,commercial,0.03822967782616615,0.018050048472296146,388.946533203125,358
Panther_education_Hugh,BDG-2,commercial,0.038002632558345795,0.01944212570876565,607.0150756835938,358
Panther_education_Ivan,BDG-2,commercial,0.10536550730466843,0.04721976500530654,129.82594299316406,358
Panther_education_Janis,BDG-2,commercial,0.2714710533618927,0.16567631957087414,27.39809226989746,358
Panther_education_Jerome,BDG-2,commercial,0.04774171859025955,0.023153659814059226,489.26226806640625,358
Panther_education_Jonathan,BDG-2,commercial,0.18693040311336517,79.56234449859188,7.516837120056152,358
Panther_education_Karri,BDG-2,commercial,0.12309277802705765,436906.4082398916,380.54595947265625,358
Panther_education_Mattie,BDG-2,commercial,0.33484381437301636,0.2270625999652224,6.608561038970947,358
Panther_education_Misty,BDG-2,commercial,0.15925154089927673,0.09715555131189588,32.64131164550781,358
Panther_education_Mohammad,BDG-2,commercial,0.11253713816404343,0.08393173719548112,146.5327606201172,358
Panther_education_Neal,BDG-2,commercial,0.257237046957016,0.14397556824390983,235.36865234375,358
Panther_education_Quintin,BDG-2,commercial,0.11540310829877853,0.04705475735975891,305.496337890625,358
Panther_education_Rosalie,BDG-2,commercial,0.13100354373455048,0.07846689306434529,62.135196685791016,358
Panther_education_Scarlett,BDG-2,commercial,0.25057297945022583,0.2190257770997077,21.717761993408203,358
Panther_education_Shelton,BDG-2,commercial,0.07836552709341049,0.04056572096520539,121.43304443359375,358
Panther_education_Sophia,BDG-2,commercial,0.0447307713329792,0.022730570327812342,141.9486083984375,358
Panther_education_Teofila,BDG-2,commercial,0.12437523156404495,0.062248024431530935,157.49185180664062,358
Panther_education_Tina,BDG-2,commercial,0.343685120344162,0.23013149014359108,6.9724555015563965,358
Panther_education_Vincent,BDG-2,commercial,0.11877503991127014,0.05968719152869795,142.0933074951172,358
Panther_education_Violet,BDG-2,commercial,0.10331615060567856,0.057151741523997684,147.20263671875,358
Panther_education_Zelda,BDG-2,commercial,0.12571604549884796,0.05832805069515136,82.37628936767578,358
Panther_lodging_Alita,BDG-2,commercial,0.10627098381519318,0.06311749996573475,75.29097747802734,358
Panther_lodging_Anastasia,BDG-2,commercial,0.15459570288658142,0.09293702093944259,52.342342376708984,358
Panther_lodging_Awilda,BDG-2,commercial,0.0992431789636612,0.051072552853331565,95.10950469970703,358
Panther_lodging_Blaine,BDG-2,commercial,0.14764229953289032,0.09493805468478567,75.96492767333984,358
Panther_lodging_Cora,BDG-2,commercial,0.08796130865812302,0.043597806129164425,138.51495361328125,358
Panther_lodging_Cornelia,BDG-2,commercial,0.1833678036928177,0.10467993848920425,42.46047592163086,358
Panther_lodging_Dianna,BDG-2,commercial,0.11541757732629776,0.06927435544926923,54.63241195678711,358
Panther_lodging_Edison,BDG-2,commercial,0.12089883536100388,0.07345815851330671,103.08587646484375,358
Panther_lodging_Edmond,BDG-2,commercial,0.16960002481937408,0.0968676282191344,42.274375915527344,358
Panther_lodging_Else,BDG-2,commercial,0.16543790698051453,0.08513607138165734,43.93303298950195,358
Panther_lodging_Fausto,BDG-2,commercial,0.17716974020004272,0.09047692868798406,50.99026870727539,358
Panther_lodging_Floyd,BDG-2,commercial,0.10261154919862747,0.06405436336705837,160.7202606201172,358
Panther_lodging_Gale,BDG-2,commercial,0.0762966126203537,0.04272627537799821,106.592041015625,358
Panther_lodging_Hattie,BDG-2,commercial,0.09300710260868073,0.055922349571775255,135.34628295898438,358
Panther_lodging_Jana,BDG-2,commercial,0.13660438358783722,0.08694647820634555,81.27995300292969,358
Panther_lodging_Janice,BDG-2,commercial,0.13719187676906586,0.08317133291516295,54.82599639892578,358
Panther_lodging_Jorge,BDG-2,commercial,0.11873989552259445,0.07484662288576951,67.2273178100586,358
Panther_lodging_Kaitlin,BDG-2,commercial,0.17276497185230255,0.10193996798627794,47.989070892333984,358
Panther_lodging_Kara,BDG-2,commercial,0.08413020521402359,0.044448786421010925,174.66921997070312,358
Panther_lodging_Kirk,BDG-2,commercial,0.08585116267204285,0.04513532803420084,155.8623504638672,358
Panther_lodging_Marisol,BDG-2,commercial,0.08617305010557175,0.04434390492388796,162.0341033935547,358
Panther_lodging_Myrtle,BDG-2,commercial,0.17444893717765808,0.11332113847469279,53.22774887084961,358
Panther_lodging_Russell,BDG-2,commercial,0.14949029684066772,0.08012740221356958,39.4298095703125,358
Panther_lodging_Sonja,BDG-2,commercial,0.11428294330835342,0.06816669197278516,115.10271453857422,358
Panther_lodging_Teresita,BDG-2,commercial,0.11707592010498047,0.0776400693626172,64.17333221435547,358
Panther_lodging_Tracie,BDG-2,commercial,0.13696148991584778,0.08251988300684525,54.64548873901367,358
Panther_lodging_Willa,BDG-2,commercial,0.09709492325782776,0.051805733141664104,72.4271011352539,358
Panther_office_Antonette,BDG-2,commercial,0.12147770076990128,0.07461309566856719,32.91990280151367,358
Panther_office_Brent,BDG-2,commercial,0.4156374931335449,0.2876487251245816,12.035683631896973,358
Panther_office_Catherine,BDG-2,commercial,0.1782570481300354,0.09394361725112027,41.77900314331055,358
Panther_office_Christian,BDG-2,commercial,0.25184834003448486,0.15538455876563845,35.04314041137695,358
Panther_office_Christin,BDG-2,commercial,0.4009966254234314,593.1293434564608,4.5147294998168945,358
Panther_office_Clementine,BDG-2,commercial,0.12168417125940323,0.06607678600632123,46.50449752807617,358
Panther_office_Danica,BDG-2,commercial,0.3144119679927826,0.14695654354527818,5.027519702911377,358
Panther_office_Garth,BDG-2,commercial,0.12419360131025314,0.07219738003771475,57.509639739990234,358
Panther_office_Graham,BDG-2,commercial,0.13314346969127655,0.062460946132842685,72.17308807373047,358
Panther_office_Hannah,BDG-2,commercial,0.3961811661720276,0.20700926305253933,6.010115623474121,358
Panther_office_Jeane,BDG-2,commercial,0.2907744348049164,0.1544401777258646,19.557437896728516,358
Panther_office_Jesus,BDG-2,commercial,0.13786296546459198,0.07143400431826799,96.70027160644531,358
Panther_office_Karla,BDG-2,commercial,0.1892227828502655,0.0871862443381467,35.620235443115234,358
Panther_office_Kristen,BDG-2,commercial,0.1545335203409195,0.09161785867116937,45.85306930541992,358
Panther_office_Larry,BDG-2,commercial,0.11169985681772232,0.06070707034366482,47.60849380493164,358
Panther_office_Lauretta,BDG-2,commercial,0.07804178446531296,0.04749869179915168,171.04934692382812,358
Panther_office_Lavinia,BDG-2,commercial,0.11057789623737335,0.05292340331736337,22.44346809387207,358
Panther_office_Lois,BDG-2,commercial,0.04794203117489815,0.029118833871525373,149.0137939453125,358
Panther_office_Otto,BDG-2,commercial,0.06936658173799515,0.03508824148044915,218.09136962890625,358
Panther_office_Patti,BDG-2,commercial,0.08190461993217468,0.047055184747872916,467.1484069824219,358
Panther_office_Ruthie,BDG-2,commercial,0.07487712800502777,0.04292986857398254,119.22650909423828,358
Panther_office_Shauna,BDG-2,commercial,0.16027051210403442,0.07349971304875606,94.81765747070312,358
Panther_office_Taryn,BDG-2,commercial,0.08681637048721313,0.0386993902505528,89.90448760986328,358
Panther_office_Valarie,BDG-2,commercial,0.15653075277805328,0.09869741765065482,35.41352844238281,358
Panther_other_Bethel,BDG-2,commercial,0.09128685295581818,0.05446199387995968,3.9992454051971436,358
Panther_other_Bettie,BDG-2,commercial,0.06902076303958893,0.03808897703264694,14.584420204162598,358
Panther_other_Lucina,BDG-2,commercial,0.06666938215494156,0.038618428434620246,365.7295837402344,358
Panther_other_Lula,BDG-2,commercial,0.3075115382671356,0.16980811137756535,1.1199450492858887,358
Panther_other_Tyrone,BDG-2,commercial,0.1871611773967743,0.14897643243053493,25.53778839111328,358
Panther_parking_Adela,BDG-2,commercial,0.06530339270830154,0.032604199419891226,46.95603942871094,358
Panther_parking_Alaina,BDG-2,commercial,0.044252704828977585,0.025291419012871456,37.091392517089844,358
Panther_parking_Asia,BDG-2,commercial,0.0685187503695488,0.029628961077026946,26.862314224243164,358
Panther_parking_Charlene,BDG-2,commercial,0.07146769016981125,0.04069763504108784,42.906219482421875,358
Panther_parking_Jody,BDG-2,commercial,0.19635997712612152,0.946519478451927,29.85489845275879,358
Panther_parking_Lorriane,BDG-2,commercial,0.1265842616558075,0.06354830688452585,10.209131240844727,358
Panther_parking_Mellissa,BDG-2,commercial,0.07676002383232117,0.040321483921562436,15.223774909973145,358
Panther_parking_Stanley,BDG-2,commercial,0.034305185079574585,0.01654603153503835,44.390052795410156,358
Panther_retail_Felix,BDG-2,commercial,0.1485041230916977,0.09214706596315911,113.37950897216797,358
Panther_retail_Gilbert,BDG-2,commercial,0.07824545353651047,0.04112701122845459,0.7048813700675964,358
Panther_retail_Kristina,BDG-2,commercial,0.28609010577201843,0.14033101985007382,32.457054138183594,358
Panther_retail_Lester,BDG-2,commercial,0.2718997597694397,0.1700871004568906,6.8074116706848145,358
Panther_retail_Rachel,BDG-2,commercial,0.34557610750198364,0.1543557007527208,3.559325695037842,358
Panther_retail_Romeo,BDG-2,commercial,0.06543415039777756,0.03347568951472411,438.384765625,358
Rat_assembly_Adolfo,BDG-2,commercial,0.25396162271499634,0.14159731071956572,35.04831314086914,724
Rat_assembly_Aisha,BDG-2,commercial,0.16701026260852814,0.09641516557831846,81.38721466064453,724
Rat_assembly_Alex,BDG-2,commercial,0.3172627389431,0.17542854434242514,6.375960350036621,724
Rat_assembly_Archie,BDG-2,commercial,0.30068251490592957,0.21305067645935075,3.0958776473999023,724
Rat_assembly_Aubrey,BDG-2,commercial,0.5394271612167358,0.3232798774986872,17.136762619018555,724
Rat_assembly_Cristina,BDG-2,commercial,0.25799140334129333,0.14908256934167913,51.45614242553711,724
Rat_assembly_Damaris,BDG-2,commercial,0.05802703648805618,0.026983945732792964,4.859024524688721,724
Rat_assembly_Deandre,BDG-2,commercial,0.10018444061279297,0.05255389056072893,29.116167068481445,724
Rat_assembly_Donny,BDG-2,commercial,0.3026215136051178,0.1444658463940351,2.482100009918213,724
Rat_assembly_Dovie,BDG-2,commercial,0.2318601906299591,0.10930743536664268,23.941993713378906,724
Rat_assembly_Erwin,BDG-2,commercial,0.23870278894901276,0.6522812129433521,16.611820220947266,724
Rat_assembly_Ezequiel,BDG-2,commercial,0.4061722159385681,0.2963865050007426,40.47927474975586,724
Rat_assembly_Francine,BDG-2,commercial,0.1675351858139038,0.08898607512442017,39.82273864746094,724
Rat_assembly_Frieda,BDG-2,commercial,0.15039180219173431,0.089894133541367,124.08039855957031,724
Rat_assembly_Gerald,BDG-2,commercial,0.24007076025009155,0.185019532839284,5.66316556930542,359
Rat_assembly_Gwen,BDG-2,commercial,0.1957898586988449,0.13200883088757012,5.523181915283203,724
Rat_assembly_Horace,BDG-2,commercial,0.2812439799308777,0.6896852830736402,26.43960189819336,724
Rat_assembly_Ida,BDG-2,commercial,0.18429416418075562,0.09889489584172324,26.177980422973633,724
Rat_assembly_Jamie,BDG-2,commercial,0.34748902916908264,0.18299162190306176,28.36736297607422,724
Rat_assembly_Jannie,BDG-2,commercial,1.1636029481887817,0.27874377102156195,0.8256141543388367,724
Rat_assembly_Jennie,BDG-2,commercial,0.3502340316772461,0.15063370726269845,2.592316150665283,724
Rat_assembly_Kaitlyn,BDG-2,commercial,0.11713603883981705,0.07153992054722606,99.2668685913086,724
Rat_assembly_Karen,BDG-2,commercial,0.16061286628246307,325355.0664778705,162.9104461669922,359
Rat_assembly_Kelley,BDG-2,commercial,0.33737343549728394,0.20445684036503123,2.7296364307403564,724
Rat_assembly_Kenya,BDG-2,commercial,0.1935807466506958,0.10869033612581029,64.43272399902344,724
Rat_assembly_Kimberley,BDG-2,commercial,0.11632692068815231,0.06395624322852256,66.2004165649414,724
Rat_assembly_Kristine,BDG-2,commercial,0.1410837471485138,0.07015570278074335,24.027175903320312,724
Rat_assembly_Kristy,BDG-2,commercial,0.39555543661117554,0.19663870448497905,49.363128662109375,724
Rat_assembly_Lillie,BDG-2,commercial,0.27473923563957214,0.2695287561965975,13.294134140014648,724
Rat_assembly_Michel,BDG-2,commercial,0.16498440504074097,0.0674705812015719,14.886092185974121,724
Rat_assembly_Mirta,BDG-2,commercial,0.23157380521297455,0.34447215422108957,169.14694213867188,724
Rat_assembly_Monica,BDG-2,commercial,0.1753026694059372,0.09532618186110778,65.70873260498047,724
Rat_assembly_Pam,BDG-2,commercial,0.2770688235759735,0.052057049407532516,8.505670547485352,724
Rat_assembly_Pauline,BDG-2,commercial,0.5131004452705383,0.1709762294723101,1.7638200521469116,724
Rat_assembly_Rolland,BDG-2,commercial,0.2512117326259613,0.6160637028025896,40.896366119384766,724
Rat_assembly_Rosemarie,BDG-2,commercial,0.16917608678340912,0.09194180169860669,11.364008903503418,724
Rat_assembly_Ruth,BDG-2,commercial,0.3186441659927368,0.23617398972178885,6.23939847946167,724
Rat_assembly_Silvia,BDG-2,commercial,0.19760417938232422,0.11024239649396164,11.347942352294922,724
Rat_assembly_Suzanne,BDG-2,commercial,0.22169998288154602,0.12738873603629527,3.1194143295288086,724
Rat_assembly_Teddy,BDG-2,commercial,0.1616269201040268,0.09354882361483868,85.07334899902344,724
Rat_assembly_Teodoro,BDG-2,commercial,0.14229550957679749,19926.497378725973,25.696992874145508,724
Rat_assembly_Trent,BDG-2,commercial,0.24725903570652008,0.1491820825661783,22.593406677246094,724
Rat_assembly_Trudy,BDG-2,commercial,0.2892521619796753,0.1358498324708998,37.8170166015625,724
Rat_assembly_Victorina,BDG-2,commercial,0.41740694642066956,0.24797513840947813,1.7449465990066528,724
Rat_assembly_Viola,BDG-2,commercial,0.17283737659454346,0.09909975700563235,54.12451171875,724
Rat_education_Adell,BDG-2,commercial,0.18441905081272125,0.09402106222122761,148.4387664794922,724
Rat_education_Adrian,BDG-2,commercial,0.16834641993045807,0.08759540594127223,78.03739166259766,724
Rat_education_Alfonso,BDG-2,commercial,0.2078242301940918,0.2534011135625606,333.47760009765625,724
Rat_education_Alfred,BDG-2,commercial,0.14969810843467712,0.3009879583845432,356.3721008300781,724
Rat_education_Alyson,BDG-2,commercial,0.11363117396831512,0.14443479898047565,49.036014556884766,359
Rat_education_Barbara,BDG-2,commercial,0.17725053429603577,0.19138047848001968,1.4515767097473145,724
Rat_education_Barney,BDG-2,commercial,0.22095845639705658,0.11588678857369156,28.53106689453125,724
Rat_education_Beverly,BDG-2,commercial,0.20427033305168152,9.293925470808672,661.6242065429688,724
Rat_education_Brett,BDG-2,commercial,0.3859006464481354,0.24413190962840356,65.04467010498047,724
Rat_education_Bryant,BDG-2,commercial,0.09979462623596191,0.04613550462891347,55.81747817993164,724
Rat_education_Calvin,BDG-2,commercial,0.1820635199546814,0.5571816524091456,37.08808135986328,724
Rat_education_Candida,BDG-2,commercial,0.14919868111610413,0.08467168584633385,139.8524932861328,724
Rat_education_Carmela,BDG-2,commercial,0.16518890857696533,0.08031739373542525,86.1037368774414,724
Rat_education_Cecil,BDG-2,commercial,0.13741455972194672,0.06901954147668934,62.48847579956055,724
Rat_education_Cedric,BDG-2,commercial,0.13896992802619934,0.07945399500235273,93.14329528808594,724
Rat_education_Cinthia,BDG-2,commercial,0.24286647140979767,0.11783142562967798,40.626861572265625,359
Rat_education_Colin,BDG-2,commercial,0.184525266289711,0.10048658847070628,54.795127868652344,724
Rat_education_Conrad,BDG-2,commercial,0.44094720482826233,0.2250242344484417,164.56732177734375,724
Rat_education_Dana,BDG-2,commercial,0.19840571284294128,0.23979867795612972,97.85511779785156,724
Rat_education_Dann,BDG-2,commercial,0.1112583801150322,0.05417850833913522,195.26866149902344,724
Rat_education_Davis,BDG-2,commercial,0.13342775404453278,0.06629628654595039,78.46514129638672,724
Rat_education_Deanna,BDG-2,commercial,0.1123395785689354,0.0586741538537647,88.44622039794922,724
Rat_education_Debra,BDG-2,commercial,0.12276963144540787,0.05958067046173655,105.70691680908203,724
Rat_education_Denise,BDG-2,commercial,0.17655181884765625,175756.50758890933,79.5859375,359
Rat_education_Dianne,BDG-2,commercial,0.16960902512073517,0.10608098571809314,131.6083984375,359
Rat_education_Donnell,BDG-2,commercial,0.4577253758907318,0.19337160310629095,59.50107192993164,359
Rat_education_Dreama,BDG-2,commercial,9.609890937805176,146848.94755099365,92.01461791992188,724
Rat_education_Earl,BDG-2,commercial,0.15532508492469788,0.0790983434814213,159.4063720703125,724
Rat_education_Earnest,BDG-2,commercial,0.1733601689338684,0.08535686282106095,60.52175521850586,724
Rat_education_Eleonora,BDG-2,commercial,0.21079862117767334,372191.21738655283,214.49298095703125,359
Rat_education_Elisa,BDG-2,commercial,0.2832953631877899,0.13388152947452936,39.61858367919922,724
Rat_education_Elsie,BDG-2,commercial,0.5159237384796143,2.340497535246498,115.61278533935547,724
Rat_education_Esther,BDG-2,commercial,0.16283129155635834,0.09253621049718638,94.80233001708984,724
Rat_education_Everett,BDG-2,commercial,0.15088461339473724,0.38677195304443523,177.0238037109375,724
Rat_education_Fernando,BDG-2,commercial,0.18782447278499603,0.10201794698945371,62.409053802490234,724
Rat_education_Francisca,BDG-2,commercial,0.8561740517616272,101660.71673407868,36.176204681396484,724
Rat_education_Gricelda,BDG-2,commercial,0.2186657190322876,0.13646907727094656,31.86670684814453,358
Rat_education_Guillermo,BDG-2,commercial,0.11473563313484192,0.06819185167208697,108.80231475830078,724
Rat_education_Humberto,BDG-2,commercial,0.23862536251544952,0.2478858574116719,172.68714904785156,724
Rat_education_Imelda,BDG-2,commercial,0.03147667646408081,0.013653697159199289,2.8820440769195557,724
Rat_education_Irma,BDG-2,commercial,0.16458049416542053,0.09354253546532328,74.5968017578125,724
Rat_education_Jacob,BDG-2,commercial,0.12436264008283615,0.0748267783344461,55.39918518066406,724
Rat_education_Jame,BDG-2,commercial,0.15445458889007568,0.08475312351380704,64.69348907470703,724
Rat_education_Jeanne,BDG-2,commercial,0.14963161945343018,0.07098971056292488,56.52299118041992,358
Rat_education_Jena,BDG-2,commercial,0.11473467200994492,0.0581135100648165,163.3695526123047,724
Rat_education_Jesse,BDG-2,commercial,0.1507805734872818,0.07256031156342371,29.49000358581543,724
Rat_education_Kandice,BDG-2,commercial,0.4870011508464813,0.4471823550138134,66.77841186523438,724
Rat_education_Kathryn,BDG-2,commercial,0.22515970468521118,24.422788623168444,517.1800537109375,724
Rat_education_Keith,BDG-2,commercial,0.12431412935256958,0.06553868947125574,104.81678009033203,724
Rat_education_Kelsey,BDG-2,commercial,0.15339572727680206,0.131617157275099,157.83741760253906,724
Rat_education_Lee,BDG-2,commercial,0.15268084406852722,0.1003658263242441,403.30462646484375,724
Rat_education_Leonardo,BDG-2,commercial,4.560537338256836,43560.77749699594,48.76262664794922,724
Rat_education_Lincoln,BDG-2,commercial,0.19441905617713928,0.6887017529759948,161.27206420898438,724
Rat_education_Liz,BDG-2,commercial,0.22056512534618378,0.11751097534574019,91.0222396850586,724
Rat_education_Lonnie,BDG-2,commercial,0.22409427165985107,0.11677572321149761,60.53954315185547,724
Rat_education_Lynn,BDG-2,commercial,0.14722788333892822,0.08535509837745857,105.929443359375,724
Rat_education_Marcos,BDG-2,commercial,0.11826317757368088,0.0708587658333862,365.524169921875,724
Rat_education_Marianna,BDG-2,commercial,0.17134346067905426,0.08143939889441454,79.95477294921875,724
Rat_education_Maricela,BDG-2,commercial,0.3997458517551422,240320.8807030628,144.12399291992188,724
Rat_education_Marvin,BDG-2,commercial,0.232667937874794,0.11929254395739233,53.70900344848633,724
Rat_education_Matt,BDG-2,commercial,0.1864236444234848,0.11301929764556755,149.81565856933594,359
Rat_education_Meghan,BDG-2,commercial,0.20658569037914276,0.100440231244514,53.677085876464844,724
Rat_education_Milagros,BDG-2,commercial,0.15524625778198242,68244.0218261911,108.01773834228516,724
Rat_education_Mona,BDG-2,commercial,0.14673811197280884,0.06838473646728908,77.8762435913086,724
Rat_education_Morton,BDG-2,commercial,0.1809675246477127,0.4338058346882,150.89967346191406,724
Rat_education_Mose,BDG-2,commercial,0.17590458691120148,0.09622263713332914,83.08267974853516,724
Rat_education_Nellie,BDG-2,commercial,0.1342443823814392,0.06966802725555897,434.7796630859375,724
Rat_education_Nona,BDG-2,commercial,0.3211466670036316,0.8358884987841697,97.8621826171875,724
Rat_education_Nydia,BDG-2,commercial,0.14124695956707,0.07651496409751568,151.6258087158203,724
Rat_education_Pat,BDG-2,commercial,0.17082780599594116,0.03471193166570473,159.19569396972656,724
Rat_education_Patty,BDG-2,commercial,0.13345101475715637,0.07461616143701481,136.9678955078125,724
Rat_education_Paula,BDG-2,commercial,0.15343749523162842,0.0920864809305797,123.63993072509766,724
Rat_education_Renee,BDG-2,commercial,0.12066208571195602,0.07472927668436305,34.37055206298828,724
Rat_education_Robyn,BDG-2,commercial,0.1581328958272934,0.08205696176693468,155.61181640625,724
Rat_education_Rogelio,BDG-2,commercial,0.14391353726387024,0.0760218653188324,125.92432403564453,724
Rat_education_Rosalyn,BDG-2,commercial,0.14806726574897766,0.08298707929771405,71.39363098144531,724
Rat_education_Royal,BDG-2,commercial,0.10786034911870956,0.053877591505511024,72.9601058959961,724
Rat_education_Salvatore,BDG-2,commercial,0.13953788578510284,0.07568998517350076,78.92005157470703,724
Rat_education_Shellie,BDG-2,commercial,0.13949960470199585,0.07676778435522535,75.0073013305664,724
Rat_education_Sherwood,BDG-2,commercial,0.15409408509731293,0.0840761734276214,102.90594482421875,724
Rat_education_Sina,BDG-2,commercial,0.1501331925392151,0.08170767551089729,166.94821166992188,724
Rat_education_Stuart,BDG-2,commercial,0.24173305928707123,0.12390274094925946,47.28030776977539,724
Rat_education_Susana,BDG-2,commercial,0.16381347179412842,0.3121908100682531,9.408367156982422,359
Rat_education_Tania,BDG-2,commercial,0.19923241436481476,2.5681294493561166,308.07861328125,724
Rat_education_Terese,BDG-2,commercial,0.12875443696975708,0.06448016196056819,116.4323501586914,724
Rat_education_Theo,BDG-2,commercial,0.22264790534973145,0.6500618780121499,553.7631225585938,724
Rat_education_Tim,BDG-2,commercial,0.14812524616718292,0.07417732097347926,62.308860778808594,724
Rat_education_Tristan,BDG-2,commercial,0.21325887739658356,0.11002433528839921,30.658185958862305,359
Rat_education_Ulrike,BDG-2,commercial,0.13058722019195557,0.07714668647574269,103.64532470703125,724
Rat_education_Verna,BDG-2,commercial,0.16256898641586304,0.08646192824187521,83.28499603271484,724
Rat_education_Vicky,BDG-2,commercial,0.23994174599647522,3.8656518566499263,186.49473571777344,724
Rat_education_Willie,BDG-2,commercial,0.19687695801258087,0.10729911679339581,239.44549560546875,724
Rat_education_Wilmer,BDG-2,commercial,0.1536896526813507,0.08552167706076017,101.94963073730469,724
Rat_education_Winnie,BDG-2,commercial,0.22802682220935822,0.10405922319859552,55.217952728271484,724
Rat_education_Yu,BDG-2,commercial,0.19507978856563568,120318.14504806469,80.01841735839844,724
Rat_education_Zina,BDG-2,commercial,0.26144298911094666,0.11961205613128761,49.133583068847656,724
Rat_education_Zoe,BDG-2,commercial,0.15160979330539703,0.0876002024118408,93.31126403808594,724
Rat_health_Gaye,BDG-2,commercial,0.16041654348373413,0.08824068290138569,38.01708221435547,724
Rat_health_Guy,BDG-2,commercial,0.0774974673986435,0.03895247566582666,1467.2420654296875,724
Rat_health_Mildred,BDG-2,commercial,0.24753490090370178,0.12527032351346007,17.99813461303711,724
Rat_health_Rosaria,BDG-2,commercial,0.21532729268074036,0.1274334528918161,31.004993438720703,724
Rat_health_Shane,BDG-2,commercial,0.0754956379532814,0.04358765843482637,1146.7867431640625,724
Rat_health_Tanya,BDG-2,commercial,0.1464800089597702,0.07476318136580352,51.7752571105957,724
Rat_lodging_Ardell,BDG-2,commercial,0.16636422276496887,0.09387249897620678,15.898018836975098,724
Rat_lodging_Ben,BDG-2,commercial,0.12472499907016754,0.06271365569525042,329.6199951171875,724
Rat_lodging_Christine,BDG-2,commercial,0.14469321072101593,0.07928426120514381,62.30138397216797,724
Rat_lodging_Dwight,BDG-2,commercial,0.3423106372356415,0.18819598380103786,23.898332595825195,724
Rat_lodging_Jeannette,BDG-2,commercial,0.2968611717224121,0.1981940155161067,5.147009372711182,724
Rat_lodging_Lakisha,BDG-2,commercial,0.6808923482894897,0.3415081437145985,0.7248817086219788,359
Rat_lodging_Lorenzo,BDG-2,commercial,0.4150993525981903,0.2483366099299132,2.921968698501587,724
Rat_lodging_Lucille,BDG-2,commercial,0.40333476662635803,0.17847626761194388,3.656924247741699,359
Rat_lodging_Marguerite,BDG-2,commercial,0.21377739310264587,0.11526932703633963,22.740154266357422,724
Rat_lodging_Marion,BDG-2,commercial,0.20501381158828735,0.11396059955695337,36.32525634765625,724
Rat_lodging_Ted,BDG-2,commercial,0.46621501445770264,0.28066846136820783,2.5309789180755615,724
Rat_office_Adele,BDG-2,commercial,0.15051409602165222,1.4156136688689176,597.476318359375,724
Rat_office_Annis,BDG-2,commercial,0.1285700649023056,0.06482401789970595,33.30915069580078,724
Rat_office_Arron,BDG-2,commercial,0.1048799604177475,0.05097281359416547,59.6234016418457,724
Rat_office_Ashlee,BDG-2,commercial,0.09987110644578934,0.07520439502654637,53.98221969604492,359
Rat_office_Avis,BDG-2,commercial,0.5183410048484802,1.4244312157542007,897.1419067382812,724
Rat_office_Colby,BDG-2,commercial,0.16396093368530273,0.521394239168687,2129.519287109375,724
Rat_office_Craig,BDG-2,commercial,0.10300129652023315,0.05096013011812445,235.36180114746094,724
Rat_office_Jacinta,BDG-2,commercial,0.08775757998228073,0.04406295183395984,219.07896423339844,724
Rat_office_Jamal,BDG-2,commercial,0.17705361545085907,0.09166932245374108,936.1342163085938,724
Rat_office_Jeannie,BDG-2,commercial,0.22983567416667938,0.11547271323565902,43.55276870727539,724
Rat_office_Jessica,BDG-2,commercial,0.09003253281116486,0.04765011943302482,698.9306030273438,724
Rat_office_Jill,BDG-2,commercial,0.2633414566516876,0.7593052336000496,641.1480102539062,724
Rat_office_Kasey,BDG-2,commercial,0.1936848908662796,0.09823204024945079,86.20745086669922,724
Rat_office_Lora,BDG-2,commercial,0.2437918782234192,0.1287765085695327,425.9045104980469,724
Rat_office_Loyd,BDG-2,commercial,0.12659038603305817,0.06869080222407725,55.3150749206543,724
Rat_office_Mei,BDG-2,commercial,0.1481422334909439,0.07885534652561137,20.627927780151367,724
Rat_office_Olivia,BDG-2,commercial,0.2029232233762741,0.12005770348519691,52.92548370361328,724
Rat_office_Ramiro,BDG-2,commercial,0.0998239517211914,0.05172477211963312,35.028141021728516,724
Rat_office_Randy,BDG-2,commercial,0.1412455439567566,0.07029711279811449,102.96693420410156,724
Rat_office_Ronald,BDG-2,commercial,0.18438823521137238,0.1117789686409957,53.605735778808594,724
Rat_office_Rosemary,BDG-2,commercial,0.1895090639591217,0.11494288990739861,16.534873962402344,724
Rat_office_Sammy,BDG-2,commercial,0.24219049513339996,0.13864235629135632,53.638465881347656,724
Rat_office_Tracy,BDG-2,commercial,0.1363433301448822,0.07787007233227224,20.62047576904297,724
Rat_other_Al,BDG-2,commercial,0.18950572609901428,0.10645115668425524,52.588375091552734,724
Rat_other_Daphne,BDG-2,commercial,0.34293052554130554,0.18380830045254476,11.666290283203125,724
Rat_other_Hazel,BDG-2,commercial,0.03118818812072277,0.018217471357686744,373.43292236328125,724
Rat_other_Lan,BDG-2,commercial,0.13930000364780426,0.15097957745117965,13.526579856872559,724
Rat_parking_Ronnie,BDG-2,commercial,0.32374292612075806,0.17308764240850658,16.79941177368164,724
Rat_public_Alanna,BDG-2,commercial,0.15327514708042145,0.09403523743185789,1161.569091796875,724
Rat_public_Allie,BDG-2,commercial,0.16876265406608582,0.09959207786237065,11.589973449707031,724
Rat_public_Allyson,BDG-2,commercial,0.17677783966064453,0.09839309781023974,54.35792541503906,724
Rat_public_Amber,BDG-2,commercial,0.3109247088432312,0.14937310868332765,10.290143013000488,724
Rat_public_Angelina,BDG-2,commercial,0.10906855016946793,0.06056109973182922,32.664371490478516,724
Rat_public_Becky,BDG-2,commercial,0.16465000808238983,0.08802224234386483,21.11212921142578,724
Rat_public_Berry,BDG-2,commercial,0.06037360802292824,0.031294214463633126,97.70893859863281,724
Rat_public_Bronwyn,BDG-2,commercial,0.10882055759429932,0.05914592831781917,443.76800537109375,724
Rat_public_Carole,BDG-2,commercial,0.18716539442539215,0.10286305137471219,18.853649139404297,724
Rat_public_Caroline,BDG-2,commercial,0.14413952827453613,0.07841122704041852,149.6048583984375,724
Rat_public_Chrissy,BDG-2,commercial,0.16227447986602783,0.09342927109389675,56.36955642700195,724
Rat_public_Clyde,BDG-2,commercial,0.16848331689834595,0.09763556048920989,34.065879821777344,724
Rat_public_Corinne,BDG-2,commercial,0.12680010497570038,0.06302053173595851,25.52257537841797,724
Rat_public_Courtney,BDG-2,commercial,0.17435891926288605,0.08994100197634741,30.756467819213867,724
Rat_public_Dalia,BDG-2,commercial,0.07308424264192581,0.03766982473130068,186.8453826904297,724
Rat_public_Damon,BDG-2,commercial,0.13294924795627594,0.07982854624121402,20.84168815612793,724
Rat_public_Darren,BDG-2,commercial,0.047555044293403625,0.018040422999170035,4.361231803894043,724
Rat_public_Deidre,BDG-2,commercial,0.1904604285955429,0.11598274593798347,8.981328010559082,724
Rat_public_Desiree,BDG-2,commercial,0.1554725617170334,0.09976322738598993,12.96309757232666,724
Rat_public_Dexter,BDG-2,commercial,0.1559412032365799,0.09280613039165571,13.14415454864502,724
Rat_public_Duane,BDG-2,commercial,0.5037096738815308,0.2953291569809241,77.34970092773438,724
Rat_public_Elmira,BDG-2,commercial,0.1909996122121811,0.1020568757853247,21.982276916503906,358
Rat_public_Emilee,BDG-2,commercial,0.26877301931381226,0.13322842417082412,38.315433502197266,724
Rat_public_Faye,BDG-2,commercial,0.18797728419303894,0.10925462117499322,31.271617889404297,724
Rat_public_Fern,BDG-2,commercial,0.12555080652236938,0.06386887347146997,48.876609802246094,724
Rat_public_Frank,BDG-2,commercial,0.3268858790397644,0.12062881655993854,7.978600025177002,724
Rat_public_Frederick,BDG-2,commercial,0.11723294854164124,0.0594996612875528,20.44099998474121,724
Rat_public_Fredrick,BDG-2,commercial,0.4811893403530121,10320.540005742785,13.030789375305176,724
Rat_public_Grover,BDG-2,commercial,0.10784624516963959,0.06198905963102121,17.76230239868164,724
Rat_public_Helena,BDG-2,commercial,0.22718247771263123,0.12394668460949046,24.048465728759766,724
Rat_public_Hortencia,BDG-2,commercial,0.14862309396266937,0.08957835486417769,59.402069091796875,724
Rat_public_Isabel,BDG-2,commercial,0.1230069100856781,0.06594394086170786,53.541446685791016,724
Rat_public_Jason,BDG-2,commercial,0.19676916301250458,0.10290596976333423,25.261323928833008,724
Rat_public_Joann,BDG-2,commercial,0.13291175663471222,0.07168401820219264,17.636743545532227,724
Rat_public_Johnna,BDG-2,commercial,0.35168570280075073,0.18695599753847722,30.678821563720703,359
Rat_public_Johnny,BDG-2,commercial,0.0902794599533081,0.05791699464808812,20.54761505126953,724
Rat_public_Josiah,BDG-2,commercial,0.1643558144569397,0.08474226297702292,87.95362091064453,724
Rat_public_Julieann,BDG-2,commercial,0.2870468199253082,0.15066554861917456,4.436614036560059,724
Rat_public_Kathleen,BDG-2,commercial,0.18095292150974274,0.07662203269859282,28.618873596191406,724
Rat_public_Kelle,BDG-2,commercial,0.21226826310157776,0.1312604957833835,24.910419464111328,724
Rat_public_Kelly,BDG-2,commercial,0.12076666951179504,0.07397738383258218,21.09076499938965,724
Rat_public_Kermit,BDG-2,commercial,0.21644465625286102,7293.233007667078,17.44298553466797,724
Rat_public_Kimber,BDG-2,commercial,0.2962574064731598,0.5569315606859173,227.28807067871094,724
Rat_public_Laura,BDG-2,commercial,0.18809573352336884,0.08156878242611296,13.168350219726562,724
Rat_public_Laurie,BDG-2,commercial,0.14395250380039215,0.07029727939319542,157.32029724121094,724
Rat_public_Laverne,BDG-2,commercial,0.16886332631111145,0.11838177860929332,12.740721702575684,724
Rat_public_Lea,BDG-2,commercial,0.09497855603694916,0.054573616484705434,67.71891021728516,359
Rat_public_Leo,BDG-2,commercial,0.12088526785373688,0.07886345347452892,18.09834098815918,724
Rat_public_Leta,BDG-2,commercial,0.15966656804084778,0.09404876540504763,17.05810546875,724
Rat_public_Lloyd,BDG-2,commercial,0.14151135087013245,0.06983213006828903,71.9012451171875,724
Rat_public_Loretta,BDG-2,commercial,0.09286586940288544,0.04364685829196191,203.06898498535156,724
Rat_public_Lynda,BDG-2,commercial,0.15279683470726013,0.08967646395023664,11.954817771911621,724
Rat_public_Mabel,BDG-2,commercial,0.09060793370008469,0.04632144362919517,101.51529693603516,724
Rat_public_Marcellus,BDG-2,commercial,0.19185097515583038,0.10921395257738556,9.674118041992188,724
Rat_public_Margart,BDG-2,commercial,0.1937379688024521,0.09701439407937688,42.60013961791992,724
Rat_public_Mark,BDG-2,commercial,0.1967967450618744,0.16800527412944477,22.8597412109375,724
Rat_public_Maxine,BDG-2,commercial,0.11206482350826263,0.10301009052553042,144.57418823242188,359
Rat_public_Michael,BDG-2,commercial,0.14709022641181946,0.08437178536883806,42.744415283203125,724
Rat_public_Michelle,BDG-2,commercial,0.3504845201969147,0.18043886925665706,68.64208221435547,724
Rat_public_Muriel,BDG-2,commercial,0.2935680150985718,0.2305356535745134,84.18095397949219,724
Rat_public_Nancy,BDG-2,commercial,0.13670854270458221,0.08729802119919014,18.93301010131836,724
Rat_public_Neil,BDG-2,commercial,0.24694883823394775,0.5150945266400204,24.489748001098633,724
Rat_public_Nell,BDG-2,commercial,0.1905445009469986,0.09327851457630808,48.50572967529297,724
Rat_public_Nelson,BDG-2,commercial,0.15918557345867157,0.09005023442058546,44.366634368896484,724
Rat_public_Ramon,BDG-2,commercial,0.29207462072372437,1.5498700491934734,30.517948150634766,724
Rat_public_Ramona,BDG-2,commercial,0.16420160233974457,0.10029620133043866,26.937288284301758,724
Rat_public_Roberta,BDG-2,commercial,0.14026686549186707,0.08325064274431501,14.934551239013672,724
Rat_public_Roma,BDG-2,commercial,0.226148784160614,0.12418024805396287,53.018985748291016,724
Rat_public_Sade,BDG-2,commercial,0.15375256538391113,0.090563410019322,32.61100769042969,724
Rat_public_Sana,BDG-2,commercial,0.10001993924379349,0.052879390563184275,1308.8526611328125,359
Rat_public_Sean,BDG-2,commercial,0.19909562170505524,0.10484945369455943,21.979198455810547,724
Rat_public_Shanta,BDG-2,commercial,0.17752113938331604,0.10210529842811239,12.290851593017578,724
Rat_public_Sharonda,BDG-2,commercial,0.16784866154193878,0.22603018526551447,36.535003662109375,724
Rat_public_Sharron,BDG-2,commercial,0.11824975907802582,0.1535467453409431,43.45489501953125,724
Rat_public_Stacey,BDG-2,commercial,0.2057345062494278,0.10265758157985276,16.40105628967285,724
Rat_public_Stella,BDG-2,commercial,0.07130079716444016,0.04280921726431088,96.61994171142578,724
Rat_public_Sue,BDG-2,commercial,0.19829973578453064,0.1168697450181021,29.017457962036133,724
Rat_public_Tammara,BDG-2,commercial,0.3102771043777466,0.15424304539349162,7.473923683166504,724
Rat_public_Tamra,BDG-2,commercial,0.11587944626808167,0.06789108206252337,21.03605842590332,724
Rat_public_Tommy,BDG-2,commercial,0.10330523550510406,0.05777872641123422,16.866287231445312,724
Rat_public_Toya,BDG-2,commercial,0.32864415645599365,0.18763370062719756,26.749788284301758,724
Rat_public_Tricia,BDG-2,commercial,0.2515093982219696,0.13685439117674716,37.31134796142578,724
Rat_public_Vickie,BDG-2,commercial,0.344204306602478,0.1228522179153056,44.917694091796875,724
Rat_public_Wilbur,BDG-2,commercial,0.13122227787971497,0.08829382671219517,177.25198364257812,724
Rat_public_Wilma,BDG-2,commercial,0.13064640760421753,0.07352736200040394,56.77116012573242,724
Rat_public_Yessenia,BDG-2,commercial,0.16827385127544403,0.10259212674377448,113.34835815429688,724
Rat_religion_Kathy,BDG-2,commercial,0.3514403700828552,0.22348016123698453,5.153851509094238,724
Rat_retail_Jeffrey,BDG-2,commercial,0.25436654686927795,0.8598446121892498,76.12847900390625,724
Rat_warehouse_Breanna,BDG-2,commercial,0.06972859799861908,0.035804900135212626,90.61600494384766,724
Rat_warehouse_Doretta,BDG-2,commercial,0.10801398009061813,0.0638806335598207,157.2486114501953,724
Rat_warehouse_Eloisa,BDG-2,commercial,0.16975976526737213,0.12095275868947235,90.16506958007812,724
Rat_warehouse_Maegan,BDG-2,commercial,0.21301564574241638,9924.64829170198,6.715699672698975,724
Rat_warehouse_Shari,BDG-2,commercial,0.12962907552719116,0.07000437150519521,45.655967712402344,724
Electricity MT_001,Electricity,commercial,0.7563268542289734,0.4285964703640218,5.234059810638428,1089
Electricity MT_002,Electricity,commercial,0.12337327003479004,0.07240338997509975,27.683822631835938,1089
Electricity MT_003,Electricity,commercial,2.3661916255950928,0.15591599504524795,3.7813193798065186,1089
Electricity MT_004,Electricity,commercial,0.12096117436885834,0.06400435450653988,109.47514343261719,1089
Electricity MT_005,Electricity,commercial,0.14390389621257782,0.08518990341009919,49.549320220947266,1089
Electricity MT_006,Electricity,commercial,0.10662948340177536,0.056070437452569726,187.96705627441406,1089
Electricity MT_007,Electricity,commercial,0.48034319281578064,0.17200526359404467,6.040052890777588,1089
Electricity MT_008,Electricity,commercial,0.0900435522198677,0.048623781686787104,255.0219268798828,1089
Electricity MT_009,Electricity,commercial,0.21468065679073334,0.11235373394254929,53.14622116088867,1089
Electricity MT_010,Electricity,commercial,0.28917938470840454,0.14237857986473929,56.16484069824219,1089
Electricity MT_011,Electricity,commercial,0.11576139181852341,0.06296988635203422,39.70565414428711,1089
Electricity MT_012,Electricity,commercial,0.10046626627445221,0.051918159293862294,145.888916015625,358
Electricity MT_013,Electricity,commercial,0.18323735892772675,0.09144659374975313,73.5063705444336,1089
Electricity MT_014,Electricity,commercial,0.1423969268798828,0.07149763422202375,44.618831634521484,1089
Electricity MT_015,Electricity,commercial,0.10026766359806061,0.052736773719043464,47.612972259521484,358
Electricity MT_016,Electricity,commercial,0.1383594423532486,0.06957344399432974,32.97593688964844,1089
Electricity MT_017,Electricity,commercial,0.08605888485908508,0.044876666428764034,49.19199752807617,1089
Electricity MT_018,Electricity,commercial,0.1307411938905716,0.07413812081341745,244.99139404296875,1089
Electricity MT_019,Electricity,commercial,0.1389150172472,0.07452119335176513,8.235718727111816,1089
Electricity MT_020,Electricity,commercial,0.1446451097726822,0.0850458572210161,40.79684066772461,1089
Electricity MT_021,Electricity,commercial,0.10942739248275757,0.051116965758481764,162.0971221923828,1089
Electricity MT_022,Electricity,commercial,0.18573710322380066,0.09671931172564135,27.382097244262695,1089
Electricity MT_023,Electricity,commercial,0.16763481497764587,0.09798053888279486,9.829086303710938,1089
Electricity MT_024,Electricity,commercial,0.13057394325733185,0.07073171063084767,31.59248161315918,723
Electricity MT_025,Electricity,commercial,0.12443331629037857,0.07032869375758168,217.55479431152344,1089
Electricity MT_026,Electricity,commercial,0.14879602193832397,0.07358795444076585,20.839670181274414,1089
Electricity MT_027,Electricity,commercial,0.1339312642812729,0.07516880773563173,19.94599151611328,1089
Electricity MT_028,Electricity,commercial,0.13204382359981537,0.07368521516169804,67.09552764892578,1089
Electricity MT_029,Electricity,commercial,0.22601526975631714,0.12870536087082582,78.434326171875,1089
Electricity MT_030,Electricity,commercial,0.12030872702598572,0.05729544001311363,37.7459831237793,358
Electricity MT_031,Electricity,commercial,0.10848700255155563,0.057217706004429034,89.67822265625,1089
Electricity MT_032,Electricity,commercial,0.14811807870864868,0.08161909160171459,27.90248680114746,723
Electricity MT_033,Electricity,commercial,0.1089375913143158,0.05945753667746192,40.519527435302734,723
Electricity MT_034,Electricity,commercial,0.1434488445520401,0.07600138073436588,14.055098533630371,1089
Electricity MT_035,Electricity,commercial,0.1314043551683426,0.06830876171825517,117.0480728149414,1089
Electricity MT_036,Electricity,commercial,0.34013643860816956,0.189115762027936,36.57181167602539,1089
Electricity MT_037,Electricity,commercial,0.14089004695415497,0.06813767150320524,111.06062316894531,1089
Electricity MT_038,Electricity,commercial,0.09024868160486221,0.04641379233732996,119.71739959716797,1089
Electricity MT_039,Electricity,commercial,0.1536521315574646,0.07532219031184428,41.382659912109375,358
Electricity MT_040,Electricity,commercial,0.14989575743675232,0.087202958986095,99.2809829711914,1089
Electricity MT_041,Electricity,commercial,0.09536850452423096,0.05562866337211994,86.8048324584961,358
Electricity MT_042,Electricity,commercial,0.11676444858312607,0.06266932375272052,42.25152587890625,1089
Electricity MT_043,Electricity,commercial,0.11781221628189087,0.05847302438756204,1084.958984375,1089
Electricity MT_044,Electricity,commercial,0.12498531490564346,0.06376652079599646,30.385282516479492,1089
Electricity MT_045,Electricity,commercial,0.2578173279762268,0.15465798392471874,94.10799407958984,1089
Electricity MT_046,Electricity,commercial,0.1298704445362091,0.07113245564422017,131.1173553466797,1089
Electricity MT_047,Electricity,commercial,0.13163301348686218,0.07023955427986033,28.019798278808594,1089
Electricity MT_048,Electricity,commercial,0.13677743077278137,0.07634928844391653,15.370159149169922,1089
Electricity MT_049,Electricity,commercial,0.0951978787779808,0.0511460003270363,930.731689453125,1089
Electricity MT_050,Electricity,commercial,0.11629191040992737,0.06044150449906675,164.75860595703125,1089
Electricity MT_051,Electricity,commercial,0.13227689266204834,0.07566171412988738,55.302223205566406,1089
Electricity MT_052,Electricity,commercial,0.1084652915596962,0.06026638884990325,35.4727783203125,1089
Electricity MT_053,Electricity,commercial,0.1268395334482193,0.068291956363615,66.8868637084961,1089
Electricity MT_054,Electricity,commercial,0.08060723543167114,0.04393939085767707,69.72706604003906,1089
Electricity MT_055,Electricity,commercial,0.15864349901676178,0.08273412986914144,23.52344512939453,1089
Electricity MT_056,Electricity,commercial,0.0924709290266037,0.048597175412177604,37.56216812133789,1089
Electricity MT_057,Electricity,commercial,0.20897695422172546,0.15477321834915245,24.572412490844727,1089
Electricity MT_058,Electricity,commercial,0.12623544037342072,0.07033714003300438,85.19775390625,1089
Electricity MT_059,Electricity,commercial,0.15109065175056458,0.09429644597440395,119.10694122314453,1089
Electricity MT_060,Electricity,commercial,0.10104671865701675,0.05470702882581018,27.392301559448242,1089
Electricity MT_061,Electricity,commercial,0.1271236687898636,0.07741231190939583,75.54385375976562,1089
Electricity MT_062,Electricity,commercial,0.1002771332859993,0.0566524527585432,59.708717346191406,1089
Electricity MT_063,Electricity,commercial,0.13941965997219086,0.0794969289946751,22.560453414916992,1089
Electricity MT_064,Electricity,commercial,0.1290396749973297,0.06580282605523867,1412.4410400390625,1089
Electricity MT_065,Electricity,commercial,0.1269899606704712,0.07143752012110674,63.014530181884766,1089
Electricity MT_066,Electricity,commercial,0.12231437116861343,0.17069551733118868,46.53251266479492,724
Electricity MT_067,Electricity,commercial,0.1309584230184555,0.07222306439771754,196.05970764160156,1089
Electricity MT_068,Electricity,commercial,0.20240908861160278,0.09008779850701704,155.17120361328125,1089
Electricity MT_069,Electricity,commercial,0.10554751753807068,0.058621952687053565,161.51121520996094,1089
Electricity MT_070,Electricity,commercial,0.10206982493400574,0.055054875245245834,41.42422866821289,1089
Electricity MT_071,Electricity,commercial,0.08974078297615051,0.04556155434454959,45.59550094604492,1089
Electricity MT_072,Electricity,commercial,0.09633432328701019,0.053624804988814195,95.0606460571289,1089
Electricity MT_073,Electricity,commercial,0.15443721413612366,0.0859986747509151,47.15602493286133,1089
Electricity MT_074,Electricity,commercial,0.10123143345117569,0.054444161885740715,89.0877914428711,1089
Electricity MT_075,Electricity,commercial,0.09971108287572861,0.0521749122049865,47.844444274902344,1089
Electricity MT_076,Electricity,commercial,0.10628215223550797,0.05762326412080446,60.28184127807617,1089
Electricity MT_077,Electricity,commercial,0.1803271621465683,0.09433377789003423,35.343711853027344,1089
Electricity MT_078,Electricity,commercial,0.08806254714727402,0.04864872354557022,40.08866882324219,1089
Electricity MT_079,Electricity,commercial,0.20608823001384735,0.09694621324372354,32.44939422607422,1089
Electricity MT_080,Electricity,commercial,0.17815832793712616,0.10472910998200734,14.41468620300293,1089
Electricity MT_081,Electricity,commercial,0.10166122764348984,0.054122249764258216,99.54084777832031,1089
Electricity MT_082,Electricity,commercial,0.07943209260702133,0.04014620894804717,44.522953033447266,1089
Electricity MT_083,Electricity,commercial,0.08913925290107727,0.04684938637888929,71.36966705322266,1089
Electricity MT_084,Electricity,commercial,0.14669133722782135,0.07262084724271681,220.71937561035156,1089
Electricity MT_085,Electricity,commercial,0.1116788387298584,0.06238600942998281,123.9109115600586,1089
Electricity MT_086,Electricity,commercial,0.1445527821779251,0.07218229997840253,440.0820007324219,1089
Electricity MT_087,Electricity,commercial,0.14672531187534332,0.07596212646850933,115.32289123535156,1089
Electricity MT_088,Electricity,commercial,0.24989061057567596,0.08786992770802025,126.9186782836914,1089
Electricity MT_089,Electricity,commercial,0.14542651176452637,0.07822881102297877,194.12643432617188,1089
Electricity MT_090,Electricity,commercial,0.42941969633102417,0.4727363142031045,129.0919952392578,1089
Electricity MT_091,Electricity,commercial,0.1317286491394043,0.0743798362277287,138.32260131835938,1089
Electricity MT_092,Electricity,commercial,0.22655820846557617,0.08131208350404186,50.88859939575195,723
Electricity MT_093,Electricity,commercial,1.518872857093811,0.8661964645481729,26.008886337280273,1089
Electricity MT_094,Electricity,commercial,0.8056264519691467,0.2810850732250504,25.588794708251953,1089
Electricity MT_095,Electricity,commercial,0.31933391094207764,0.1447137884985564,16.917482376098633,1089
Electricity MT_096,Electricity,commercial,0.23942548036575317,0.13545078179938314,10.894969940185547,1089
Electricity MT_097,Electricity,commercial,0.18793416023254395,0.08365607431807616,187.6417236328125,1089
Electricity MT_098,Electricity,commercial,0.10919554531574249,0.04768387841074214,681.480712890625,1089
Electricity MT_099,Electricity,commercial,0.1396303027868271,0.066803320400459,1170.926513671875,1089
Electricity MT_100,Electricity,commercial,0.1948990523815155,0.08138193039804652,58.98093795776367,1089
Electricity MT_101,Electricity,commercial,0.12273737788200378,0.051050026200212366,699.2503051757812,1089
Electricity MT_102,Electricity,commercial,0.2084735929965973,0.10683205456125634,875.2666015625,1089
Electricity MT_103,Electricity,commercial,0.09277158975601196,0.04886559006605957,1124.79052734375,1089
Electricity MT_104,Electricity,commercial,0.11837802827358246,0.06978121205801435,567.1607055664062,1089
Electricity MT_105,Electricity,commercial,0.17479953169822693,0.07868149563431873,218.55911254882812,1089
Electricity MT_106,Electricity,commercial,0.19531047344207764,0.07991834128930501,50.71211242675781,358
Electricity MT_107,Electricity,commercial,0.26641279458999634,0.13267026739719734,16.758378982543945,358
Electricity MT_108,Electricity,commercial,0.2402375042438507,0.09323764669215719,29.429895401000977,358
Electricity MT_110,Electricity,commercial,0.6969499588012695,0.3155577792664918,23.1042423248291,358
Electricity MT_111,Electricity,commercial,0.23160739243030548,0.10236420963664339,52.31545639038086,358
Electricity MT_113,Electricity,commercial,0.15616045892238617,0.09576771828135659,31.784000396728516,358
Electricity MT_114,Electricity,commercial,0.14930714666843414,0.07805910685446873,309.9695739746094,1089
Electricity MT_115,Electricity,commercial,0.2606639564037323,0.13986249245685525,23.214771270751953,358
Electricity MT_117,Electricity,commercial,0.23501385748386383,0.12710038418748193,14.825798988342285,358
Electricity MT_118,Electricity,commercial,0.10697045177221298,0.05908406828242121,97.64573669433594,1089
Electricity MT_119,Electricity,commercial,0.1829676628112793,0.08831907508727282,80.34077453613281,1089
Electricity MT_120,Electricity,commercial,0.1369471549987793,0.07703013662011639,39.523399353027344,358
Electricity MT_121,Electricity,commercial,0.27469390630722046,0.1357956643992993,114.23282623291016,358
Electricity MT_122,Electricity,commercial,0.28025081753730774,0.14744229389500335,22.166975021362305,358
Electricity MT_123,Electricity,commercial,0.17007195949554443,0.08282455759345335,62.037750244140625,1089
Electricity MT_124,Electricity,commercial,0.15277662873268127,0.10033213033212907,280.9441833496094,1453
Electricity MT_125,Electricity,commercial,0.14118537306785583,0.09955441384597177,38.320987701416016,1089
Electricity MT_126,Electricity,commercial,0.09709189832210541,0.05655086304283477,58.843074798583984,1089
Electricity MT_127,Electricity,commercial,0.4702354073524475,3.4880445514968232,69.12753295898438,723
Electricity MT_128,Electricity,commercial,0.21097280085086823,0.1182307935562285,298.62646484375,1089
Electricity MT_129,Electricity,commercial,0.12069826573133469,0.06568127098960214,110.97610473632812,1089
Electricity MT_134,Electricity,commercial,0.2737099528312683,0.15781020154955439,14.205020904541016,723
Electricity MT_135,Electricity,commercial,0.11378416419029236,0.059052098070335825,32.312957763671875,1089
Electricity MT_136,Electricity,commercial,0.1377827525138855,0.06803101216178337,133.40318298339844,1089
Electricity MT_137,Electricity,commercial,0.11341295391321182,0.055525644001807595,70.9278564453125,1089
Electricity MT_138,Electricity,commercial,0.12244021892547607,0.06411322517385255,114.24724578857422,1089
Electricity MT_139,Electricity,commercial,0.1444443017244339,0.07749112668595536,392.5408630371094,1089
Electricity MT_140,Electricity,commercial,0.9485254287719727,0.35194906692079037,64.70572662353516,1089
Electricity MT_141,Electricity,commercial,0.10617616772651672,0.03818658431489102,8.845683097839355,1089
Electricity MT_142,Electricity,commercial,0.1803688406944275,0.07860575553876753,55.8006591796875,1089
Electricity MT_143,Electricity,commercial,0.1160755306482315,0.09152893935324341,169.916015625,1089
Electricity MT_144,Electricity,commercial,0.03257783502340317,0.01827864313927201,184.31285095214844,723
Electricity MT_145,Electricity,commercial,0.027419548481702805,0.01522537489414027,77.2984390258789,1089
Electricity MT_146,Electricity,commercial,0.045794688165187836,0.02336019676028765,84.00099182128906,1089
Electricity MT_148,Electricity,commercial,0.025434745475649834,0.012594352086740005,343.14093017578125,1089
Electricity MT_149,Electricity,commercial,0.08248047530651093,0.03791238204065765,23.461383819580078,1089
Electricity MT_150,Electricity,commercial,0.059738483279943466,0.028389174854295252,27.395063400268555,1089
Electricity MT_151,Electricity,commercial,0.1212104931473732,0.054045553376022556,98.76446533203125,1089
Electricity MT_152,Electricity,commercial,0.03021407686173916,0.014912133815569596,1060.6925048828125,723
Electricity MT_153,Electricity,commercial,0.10197661072015762,0.04324297453794788,183.7872314453125,1089
Electricity MT_154,Electricity,commercial,0.07750337570905685,0.03765345710318723,33.25421905517578,1089
Electricity MT_155,Electricity,commercial,0.2309936285018921,0.13133621139753177,147.6814422607422,1089
Electricity MT_156,Electricity,commercial,0.17595072090625763,0.11007519802438043,78.075439453125,1453
Electricity MT_158,Electricity,commercial,0.2761465013027191,0.16758419598034965,75.47516632080078,1453
Electricity MT_159,Electricity,commercial,0.33116433024406433,0.23523479050056373,61.802391052246094,1453
Electricity MT_160,Electricity,commercial,0.7117435336112976,0.11867524635901067,4.715983867645264,358
Electricity MT_161,Electricity,commercial,0.08010686933994293,0.06000457130978267,1772.8782958984375,1453
Electricity MT_162,Electricity,commercial,0.163579061627388,0.11680395957262807,288.3988342285156,1453
Electricity MT_163,Electricity,commercial,0.09201407432556152,0.04866898392932664,2397.80859375,1453
Electricity MT_164,Electricity,commercial,0.2075357884168625,0.13378251587114054,105.53180694580078,1089
Electricity MT_165,Electricity,commercial,0.08053074777126312,0.044822538448700926,84.93827056884766,358
Electricity MT_166,Electricity,commercial,0.08340378850698471,0.052222005251866946,1283.1513671875,1453
Electricity MT_167,Electricity,commercial,0.09503493458032608,0.05449499149894278,75.38285064697266,723
Electricity MT_168,Electricity,commercial,0.07516150176525116,0.04725338974767102,137.15049743652344,1453
Electricity MT_169,Electricity,commercial,0.0720425471663475,0.04503696118561788,40.040836334228516,1453
Electricity MT_170,Electricity,commercial,0.12000644207000732,0.05630989998387165,84.19052124023438,358
Electricity MT_171,Electricity,commercial,0.0718076229095459,0.04024999320952819,246.29266357421875,1453
Electricity MT_172,Electricity,commercial,0.09444159269332886,0.05619336185805085,124.01811218261719,1453
Electricity MT_173,Electricity,commercial,0.08632219582796097,0.053995010306415236,63.08506393432617,723
Electricity MT_174,Electricity,commercial,0.0962584912776947,0.05577757171281712,145.5308074951172,1453
Electricity MT_175,Electricity,commercial,0.1019623801112175,0.05934446143757855,163.438720703125,1453
Electricity MT_176,Electricity,commercial,0.08096742630004883,0.04837055847640183,84.8265380859375,1453
Electricity MT_177,Electricity,commercial,0.09588140994310379,0.05932971769846709,152.97955322265625,723
Electricity MT_179,Electricity,commercial,0.08837398141622543,0.052222397066204004,79.29679107666016,358
Electricity MT_180,Electricity,commercial,0.1238395944237709,0.07328850066375588,154.2855224609375,1453
Electricity MT_182,Electricity,commercial,0.07286129891872406,0.04668866100196079,52.80368423461914,1453
Electricity MT_183,Electricity,commercial,0.10004052519798279,0.05906491530839923,85.39015197753906,1453
Electricity MT_184,Electricity,commercial,0.06491325050592422,0.043063824949970436,95.30020904541016,723
Electricity MT_185,Electricity,commercial,0.08578473329544067,0.04994871177568247,67.55139923095703,358
Electricity MT_186,Electricity,commercial,0.07704120874404907,0.03890916295809269,568.6567993164062,358
Electricity MT_187,Electricity,commercial,0.14713017642498016,0.0711671384133962,49.8685302734375,1453
Electricity MT_188,Electricity,commercial,0.06571903824806213,0.035101663045461785,35.192623138427734,1453
Electricity MT_189,Electricity,commercial,0.08470214158296585,0.046589204562804784,415.5632019042969,1453
Electricity MT_190,Electricity,commercial,0.08312302827835083,0.06970883653925512,387.01153564453125,1453
Electricity MT_191,Electricity,commercial,0.07262768596410751,0.037616317282812166,1952.98095703125,1453
Electricity MT_192,Electricity,commercial,0.08374117314815521,0.04617098941620315,466.1280212402344,1453
Electricity MT_193,Electricity,commercial,0.0747179314494133,0.0552402107955404,303.8141784667969,1453
Electricity MT_195,Electricity,commercial,0.10478854179382324,0.06135030773246296,452.0173645019531,1453
Electricity MT_197,Electricity,commercial,0.09245296567678452,0.055298586790490455,156.9677734375,1453
Electricity MT_198,Electricity,commercial,0.10607260465621948,0.05847741545188639,246.89443969726562,1453
Electricity MT_199,Electricity,commercial,0.08755042403936386,0.045716981650454076,465.72821044921875,1453
Electricity MT_200,Electricity,commercial,0.07109862565994263,0.03986284681520199,849.2020874023438,1453
Electricity MT_201,Electricity,commercial,0.08924365043640137,0.045359307383312855,296.1222839355469,1453
Electricity MT_202,Electricity,commercial,0.07984717935323715,0.04325005653957035,242.45558166503906,1453
Electricity MT_203,Electricity,commercial,0.07821206748485565,0.04024024418379528,537.8936767578125,1453
Electricity MT_204,Electricity,commercial,0.0820421501994133,0.044684723905173196,888.8049926757812,1453
Electricity MT_205,Electricity,commercial,0.07607080042362213,0.041888986882234545,532.16015625,1453
Electricity MT_206,Electricity,commercial,0.09496981650590897,0.05708059397237628,209.28623962402344,1453
Electricity MT_207,Electricity,commercial,0.0967722088098526,0.0511622079624972,857.9419555664062,1453
Electricity MT_209,Electricity,commercial,0.08314750343561172,0.0432091577792094,587.0693969726562,1453
Electricity MT_210,Electricity,commercial,0.07263179123401642,0.036996082807982805,733.3994750976562,1453
Electricity MT_211,Electricity,commercial,0.08538463711738586,0.05094100331540434,192.95849609375,1453
Electricity MT_212,Electricity,commercial,0.07328561693429947,0.03901991195116838,363.7141418457031,1453
Electricity MT_213,Electricity,commercial,0.06953201442956924,0.03741955761032937,1195.666259765625,1453
Electricity MT_214,Electricity,commercial,0.09236782044172287,0.057312569877468154,397.0553894042969,1453
Electricity MT_215,Electricity,commercial,0.07194337993860245,0.03609985086841927,405.6083679199219,1453
Electricity MT_216,Electricity,commercial,0.06098314747214317,0.033751984549838354,2201.783447265625,1453
Electricity MT_217,Electricity,commercial,0.08562823385000229,0.04302468376085529,214.63937377929688,1453
Electricity MT_218,Electricity,commercial,0.07345353066921234,0.04003755548456178,1300.7093505859375,1453
Electricity MT_219,Electricity,commercial,0.10413994640111923,0.11921208019745103,510.2494812011719,1453
Electricity MT_221,Electricity,commercial,0.08213800936937332,0.04235331098219066,158.70440673828125,1453
Electricity MT_222,Electricity,commercial,0.07576610147953033,0.04175619938997354,947.0907592773438,1453
Electricity MT_223,Electricity,commercial,0.07201176881790161,0.03547666262801762,806.4249267578125,357
Electricity MT_225,Electricity,commercial,0.07496850937604904,0.06109599018601292,337.7481994628906,1453
Electricity MT_226,Electricity,commercial,0.07382918149232864,0.03971385726311644,484.0282897949219,1453
Electricity MT_227,Electricity,commercial,0.08611101657152176,0.050083125824494576,272.25665283203125,1453
Electricity MT_229,Electricity,commercial,0.061952508985996246,0.03497993370821654,973.9550170898438,1453
Electricity MT_230,Electricity,commercial,0.092220239341259,0.04272518768743043,98.53628540039062,1453
Electricity MT_231,Electricity,commercial,0.095015749335289,0.05317103348483859,641.4830322265625,1453
Electricity MT_232,Electricity,commercial,0.08458339422941208,0.049019444610913065,85.51852416992188,1453
Electricity MT_233,Electricity,commercial,0.08542768657207489,0.050285455689822324,139.17881774902344,1453
Electricity MT_234,Electricity,commercial,0.09881884604692459,0.06192108650194873,88.24432373046875,1453
Electricity MT_235,Electricity,commercial,0.11283507198095322,0.06432049612257258,791.3231201171875,1453
Electricity MT_236,Electricity,commercial,0.08942458033561707,0.05076112757541322,148.02093505859375,1453
Electricity MT_237,Electricity,commercial,0.09197615087032318,0.07943194903312538,86.01836395263672,1453
Electricity MT_238,Electricity,commercial,0.08140497654676437,0.04898627180827058,411.05352783203125,1453
Electricity MT_239,Electricity,commercial,0.08408846706151962,0.04936314324881671,116.07288360595703,1453
Electricity MT_240,Electricity,commercial,0.09244763851165771,0.05226344408428194,364.3605651855469,1453
Electricity MT_241,Electricity,commercial,0.07812420278787613,0.038438662849708434,2617.525634765625,1453
Electricity MT_242,Electricity,commercial,0.10124177485704422,0.06157044579391241,199.67958068847656,1453
Electricity MT_243,Electricity,commercial,0.08330890536308289,0.05259105904046937,131.0580596923828,1453
Electricity MT_244,Electricity,commercial,0.08734426647424698,0.05098658244887775,156.94749450683594,1453
Electricity MT_245,Electricity,commercial,0.07572706043720245,0.05526581577202883,198.32559204101562,1453
Electricity MT_246,Electricity,commercial,0.08328001946210861,0.048475044844457166,608.1705932617188,1453
Electricity MT_247,Electricity,commercial,0.1152159571647644,0.049936605809457205,464.4671325683594,1453
Electricity MT_248,Electricity,commercial,0.08395110070705414,0.05090778259292813,166.6422882080078,1453
Electricity MT_249,Electricity,commercial,0.1092609241604805,0.06896040526167531,69.6963119506836,1453
Electricity MT_250,Electricity,commercial,0.07172084599733353,0.0428010216943285,93.09982299804688,1453
Electricity MT_251,Electricity,commercial,0.07904470711946487,0.045711322072068655,78.05696868896484,1453
Electricity MT_252,Electricity,commercial,0.0765778198838234,0.04135982410416082,232.52601623535156,1453
Electricity MT_253,Electricity,commercial,0.09962213784456253,0.0579153703592397,334.3518371582031,1453
Electricity MT_254,Electricity,commercial,0.07254143059253693,0.06321106171398597,250.54940795898438,1453
Electricity MT_255,Electricity,commercial,0.1225973442196846,0.06714530830773867,617.7954711914062,723
Electricity MT_256,Electricity,commercial,0.07390183955430984,0.04332650481712219,147.2566375732422,1453
Electricity MT_257,Electricity,commercial,0.07342783361673355,0.04461298314399087,156.43714904785156,1453
Electricity MT_258,Electricity,commercial,0.08201172947883606,0.05027724034179023,123.57715606689453,1453
Electricity MT_259,Electricity,commercial,0.06606826186180115,0.03712587780170934,159.08921813964844,1453
Electricity MT_260,Electricity,commercial,0.07955774664878845,0.04947927348062675,183.5258026123047,1453
Electricity MT_261,Electricity,commercial,0.12237992137670517,0.09700204160907806,62.3515510559082,1453
Electricity MT_262,Electricity,commercial,0.08137067407369614,0.0517334400481098,197.28916931152344,1453
Electricity MT_263,Electricity,commercial,0.107807457447052,0.06687246687925749,191.6175079345703,1453
Electricity MT_264,Electricity,commercial,0.08767841756343842,0.0526258107978707,196.46298217773438,1453
Electricity MT_265,Electricity,commercial,0.07741611450910568,0.05029493831033827,177.65126037597656,1453
Electricity MT_266,Electricity,commercial,0.07787049561738968,0.050223406787741336,280.7926330566406,1453
Electricity MT_267,Electricity,commercial,0.11214928328990936,0.054080407542760965,69.88614654541016,1453
Electricity MT_268,Electricity,commercial,0.09753207117319107,0.07382284462129894,250.50958251953125,1453
Electricity MT_269,Electricity,commercial,0.07805203646421432,0.04584042826621625,800.8712768554688,1453
Electricity MT_270,Electricity,commercial,0.08983664214611053,0.05071653532610644,68.4511489868164,1453
Electricity MT_271,Electricity,commercial,0.06860683113336563,0.04209735450657802,152.54812622070312,1453
Electricity MT_272,Electricity,commercial,0.06546217203140259,0.04054744257056114,155.37127685546875,1453
Electricity MT_273,Electricity,commercial,0.07849239557981491,0.039599602341682257,496.90972900390625,1453
Electricity MT_274,Electricity,commercial,0.07600445300340652,0.04470988123650728,328.982177734375,1453
Electricity MT_275,Electricity,commercial,0.09005877375602722,0.04951693668270099,131.54571533203125,1453
Electricity MT_276,Electricity,commercial,0.07965078949928284,0.05019204772064299,1974.148193359375,1453
Electricity MT_277,Electricity,commercial,0.07580170035362244,0.04591068914632576,92.0445785522461,1453
Electricity MT_278,Electricity,commercial,0.07842779904603958,0.045974694867082055,90.70814514160156,1453
Electricity MT_280,Electricity,commercial,0.07905630022287369,0.05081578434539123,283.94537353515625,1089
Electricity MT_281,Electricity,commercial,0.06012183800339699,0.036076701657814736,122.81730651855469,1453
Electricity MT_282,Electricity,commercial,0.06955329328775406,0.04926625416644568,113.1688461303711,1453
Electricity MT_283,Electricity,commercial,0.060589540749788284,0.035503479507552255,268.7429504394531,1453
Electricity MT_284,Electricity,commercial,0.0881861075758934,0.052670729025966874,73.79041290283203,1453
Electricity MT_285,Electricity,commercial,0.06900476664304733,0.0417497551940593,101.40190124511719,1453
Electricity MT_286,Electricity,commercial,0.0830717384815216,0.053060965269340635,120.60928344726562,1453
Electricity MT_287,Electricity,commercial,0.0776364803314209,0.04864944833760435,158.0997314453125,1453
Electricity MT_288,Electricity,commercial,0.15368306636810303,0.18737054255894003,95.87838745117188,1453
Electricity MT_289,Electricity,commercial,0.06838523596525192,0.04906593721863947,105.90425872802734,358
Electricity MT_290,Electricity,commercial,0.13178835809230804,0.0625681723984724,582.8739624023438,1453
Electricity MT_291,Electricity,commercial,0.12357911467552185,0.06018736461951459,89.2353515625,1453
Electricity MT_292,Electricity,commercial,0.09476810693740845,0.12715941711973217,264.3900146484375,1453
Electricity MT_293,Electricity,commercial,0.08295261114835739,0.05140017922963689,97.239990234375,1453
Electricity MT_294,Electricity,commercial,0.08651191741228104,0.04479514698426004,640.87890625,1453
Electricity MT_295,Electricity,commercial,0.10090077668428421,0.05519699110440699,266.623779296875,1453
Electricity MT_296,Electricity,commercial,0.0784057229757309,0.04513115073466059,97.83919525146484,1453
Electricity MT_297,Electricity,commercial,0.09444412589073181,0.05325695311872304,150.55746459960938,1453
Electricity MT_298,Electricity,commercial,0.07019064575433731,0.053808019498656164,963.0736694335938,1453
Electricity MT_299,Electricity,commercial,0.08559951186180115,0.04876290225921493,494.1309509277344,1453
Electricity MT_300,Electricity,commercial,0.07359109818935394,0.04248562817242915,131.78485107421875,1453
Electricity MT_301,Electricity,commercial,0.07884272933006287,0.04892133182136797,116.14356994628906,1453
Electricity MT_302,Electricity,commercial,0.09084202349185944,0.04801612592900606,126.80419921875,1453
Electricity MT_303,Electricity,commercial,0.08187728375196457,0.048032010093005235,152.71524047851562,1453
Electricity MT_304,Electricity,commercial,0.10525313019752502,0.057063436610328234,69.36381530761719,1453
Electricity MT_305,Electricity,commercial,0.07958164066076279,0.047655349315810995,69.58422088623047,358
Electricity MT_306,Electricity,commercial,0.09917731583118439,0.059965645869662,81.27552032470703,1453
Electricity MT_307,Electricity,commercial,0.07351677864789963,0.04595925290212957,781.857421875,1453
Electricity MT_308,Electricity,commercial,0.09529554843902588,0.05419514386683793,108.49576568603516,723
Electricity MT_309,Electricity,commercial,0.07883501797914505,0.04625525194525535,222.5988311767578,1453
Electricity MT_310,Electricity,commercial,0.08115985989570618,0.04498422656450976,601.6981811523438,1453
Electricity MT_311,Electricity,commercial,0.07746729254722595,0.047141716832234136,129.80101013183594,1453
Electricity MT_312,Electricity,commercial,0.09815063327550888,0.0520450808407347,384.49542236328125,1453
Electricity MT_313,Electricity,commercial,0.07288838177919388,0.04629219517495028,238.04751586914062,1453
Electricity MT_314,Electricity,commercial,0.06426358968019485,0.03291790200915,1120.4390869140625,1453
Electricity MT_315,Electricity,commercial,0.05714240297675133,0.05018607967451723,88.8178939819336,1453
Electricity MT_316,Electricity,commercial,0.07102213054895401,0.04647444224360325,347.7676086425781,1453
Electricity MT_317,Electricity,commercial,0.08153755962848663,0.04557043531234897,534.9224853515625,1453
Electricity MT_318,Electricity,commercial,0.08331354707479477,0.04849617665263272,174.4807586669922,1453
Electricity MT_319,Electricity,commercial,0.06834454089403152,0.043111459728691244,96.8681640625,1453
Electricity MT_320,Electricity,commercial,0.08326217532157898,0.05637681047674036,104.71817016601562,1453
Electricity MT_321,Electricity,commercial,0.07794396579265594,0.06343869092757795,112.89525604248047,1453
Electricity MT_322,Electricity,commercial,0.08017116785049438,0.046722461549980075,92.93486022949219,358
Electricity MT_323,Electricity,commercial,0.1076202318072319,0.05777057499832771,1790.2918701171875,1453
Electricity MT_324,Electricity,commercial,0.0720277950167656,0.046866301566416246,336.96771240234375,1453
Electricity MT_325,Electricity,commercial,0.06794552505016327,0.044930152232203924,314.2296447753906,1453
Electricity MT_326,Electricity,commercial,0.08643567562103271,0.05296342110100812,254.00794982910156,1453
Electricity MT_327,Electricity,commercial,0.0821232721209526,0.05410808926164671,568.1885986328125,1453
Electricity MT_328,Electricity,commercial,0.08106832951307297,0.05017873785023391,1255.4359130859375,1453
Electricity MT_329,Electricity,commercial,0.0665195882320404,0.07489168737825133,212.73472595214844,1453
Electricity MT_330,Electricity,commercial,0.09070682525634766,0.04667041248680446,99.43355560302734,1453
Electricity MT_331,Electricity,commercial,0.11106507480144501,0.06224678859750782,221.83262634277344,1453
Electricity MT_332,Electricity,commercial,0.2710409164428711,0.10230587930693333,57.58857727050781,723
Electricity MT_333,Electricity,commercial,0.09732088446617126,0.05685108413508415,84.9240951538086,1089
Electricity MT_334,Electricity,commercial,0.15251563489437103,0.08453552947605494,81.29917907714844,1089
Electricity MT_335,Electricity,commercial,0.25172388553619385,0.09029037449513667,73.38985443115234,1089
Electricity MT_336,Electricity,commercial,0.1476912498474121,0.06400996688743772,161.43698120117188,1089
Electricity MT_337,Electricity,commercial,0.1761728674173355,0.08857341792668179,128.14019775390625,358
Electricity MT_338,Electricity,commercial,0.13194961845874786,0.07124622369233115,244.98660278320312,1089
Electricity MT_340,Electricity,commercial,0.13716445863246918,0.08660127414706176,133.7859649658203,1089
Electricity MT_341,Electricity,commercial,0.08048491179943085,0.04685380707164768,1039.116943359375,1089
Electricity MT_342,Electricity,commercial,0.1375318318605423,0.07106815695087171,271.8791198730469,1089
Electricity MT_343,Electricity,commercial,0.16673271358013153,0.06497238609329221,151.82151794433594,1089
Electricity MT_344,Electricity,commercial,0.2598801851272583,0.11924130043783142,173.76644897460938,1089
Electricity MT_345,Electricity,commercial,0.08673297613859177,0.06747261210956984,2087.920166015625,1089
Electricity MT_346,Electricity,commercial,0.11262532323598862,0.07154808465493308,286.7102355957031,1089
Electricity MT_349,Electricity,commercial,0.18349450826644897,0.09094513258886798,192.32728576660156,1089
Electricity MT_350,Electricity,commercial,0.16290946304798126,0.07987628462200307,645.9064331054688,1089
Electricity MT_352,Electricity,commercial,0.40782666206359863,0.18283429355930728,102.90203094482422,1089
Electricity MT_353,Electricity,commercial,0.07612679898738861,0.04553033387658828,521.5657348632812,1089
Electricity MT_354,Electricity,commercial,0.29734084010124207,0.11762782357168024,120.25262451171875,1089
Electricity MT_355,Electricity,commercial,0.10455316305160522,0.05273730895586886,660.83984375,1089
Electricity MT_356,Electricity,commercial,0.3067954182624817,0.12698601835877,109.73612976074219,1089
Electricity MT_357,Electricity,commercial,0.1242656335234642,0.06530758073422462,1879.2509765625,1089
Electricity MT_358,Electricity,commercial,0.18467865884304047,0.07464268338830933,807.786376953125,1089
Electricity MT_359,Electricity,commercial,0.15641173720359802,0.07166707746050462,108.2170181274414,1089
Electricity MT_360,Electricity,commercial,0.13161343336105347,0.0695838403943566,517.5531616210938,1089
Electricity MT_361,Electricity,commercial,0.12300437688827515,0.07197457012765217,290.89892578125,1089
Electricity MT_365,Electricity,commercial,0.20006433129310608,0.12014253831957715,87.3089599609375,1089
Electricity MT_366,Electricity,commercial,0.6397579908370972,0.3306624458648831,12.305667877197266,1089
Electricity MT_367,Electricity,commercial,0.09384440630674362,0.06397361631662461,565.8245239257812,1089
Electricity MT_368,Electricity,commercial,0.21507902443408966,0.12106280022201744,126.19488525390625,1089
Electricity MT_369,Electricity,commercial,0.07051535695791245,0.038710394015073216,833.7855834960938,1089
